exam1,exam2,exam3,exam4,exam5,exam6,exam7,exam8,exam9,exam10,exam11,exam12,exam13,exam14,exam15
0031,0059,0091,0110,0133,0153,0166,0174,no_exam,no_exam,no_exam,no_exam,no_exam,no_exam,no_exam
0007,0024,0031,0060,0079,0110,0130,0152,no_exam,no_exam,no_exam,no_exam,no_exam,no_exam,no_exam
0006,0031,0072,0109,0131,0153,0160,0174,no_exam,no_exam,no_exam,no_exam,no_exam,no_exam,no_exam
0024,0031,0060,0081,0094,0109,0130,0153,no_exam,no_exam,no_exam,no_exam,no_exam,no_exam,no_exam
0031,0072,0079,0109,0121,0130,0154,0173,no_exam,no_exam,no_exam,no_exam,no_exam,no_exam,no_exam
0031,0059,0079,0110,0121,0133,0153,0159,no_exam,no_exam,no_exam,no_exam,no_exam,no_exam,no_exam
0031,0071,0081,0094,0111,0130,0154,0173,no_exam,no_exam,no_exam,no_exam,no_exam,no_exam,no_exam
0025,0031,0058,0079,0107,0130,0152,0160,no_exam,no_exam,no_exam,no_exam,no_exam,no_exam,no_exam
0006,0025,0031,0059,0110,0130,0153,0160,no_exam,no_exam,no_exam,no_exam,no_exam,no_exam,no_exam
0006,0031,0060,0081,0111,0131,0154,0166,no_exam,no_exam,no_exam,no_exam,no_exam,no_exam,no_exam
0006,0030,0060,0110,0131,0154,0160,0166,no_exam,no_exam,no_exam,no_exam,no_exam,no_exam,no_exam
0030,0072,0080,0109,0130,0154,0160,0173,no_exam,no_exam,no_exam,no_exam,no_exam,no_exam,no_exam
0007,0031,0059,0080,0109,0133,0153,0173,no_exam,no_exam,no_exam,no_exam,no_exam,no_exam,no_exam
0031,0071,0081,0094,0111,0130,0153,0174,no_exam,no_exam,no_exam,no_exam,no_exam,no_exam,no_exam
0031,0059,0080,0110,0133,0153,0166,0173,no_exam,no_exam,no_exam,no_exam,no_exam,no_exam,no_exam
0031,0059,0079,0110,0121,0133,0153,0166,no_exam,no_exam,no_exam,no_exam,no_exam,no_exam,no_exam
0027,0031,0072,0079,0111,0121,0131,0153,no_exam,no_exam,no_exam,no_exam,no_exam,no_exam,no_exam
0006,0031,0072,0079,0109,0130,0154,0160,no_exam,no_exam,no_exam,no_exam,no_exam,no_exam,no_exam
0007,0024,0031,0071,0080,0110,0130,0153,no_exam,no_exam,no_exam,no_exam,no_exam,no_exam,no_exam
0031,0071,0081,0111,0121,0130,0154,0159,no_exam,no_exam,no_exam,no_exam,no_exam,no_exam,no_exam
0031,0071,0079,0110,0121,0133,0153,0166,no_exam,no_exam,no_exam,no_exam,no_exam,no_exam,no_exam
0031,0071,0079,0110,0121,0153,0167,0173,no_exam,no_exam,no_exam,no_exam,no_exam,no_exam,no_exam
0031,0071,0079,0110,0121,0132,0153,0159,no_exam,no_exam,no_exam,no_exam,no_exam,no_exam,no_exam
0031,0059,0110,0121,0130,0153,0160,0173,no_exam,no_exam,no_exam,no_exam,no_exam,no_exam,no_exam
0006,0031,0071,0108,0153,0160,0166,0174,no_exam,no_exam,no_exam,no_exam,no_exam,no_exam,no_exam
0007,0030,0059,0080,0110,0133,0153,0166,no_exam,no_exam,no_exam,no_exam,no_exam,no_exam,no_exam
0031,0071,0079,0110,0121,0130,0153,0160,no_exam,no_exam,no_exam,no_exam,no_exam,no_exam,no_exam
0006,0031,0071,0080,0110,0132,0153,0159,no_exam,no_exam,no_exam,no_exam,no_exam,no_exam,no_exam
0031,0059,0079,0110,0121,0133,0153,0166,no_exam,no_exam,no_exam,no_exam,no_exam,no_exam,no_exam
0007,0031,0071,0079,0110,0121,0131,0153,no_exam,no_exam,no_exam,no_exam,no_exam,no_exam,no_exam
0006,0031,0072,0080,0109,0132,0153,0159,no_exam,no_exam,no_exam,no_exam,no_exam,no_exam,no_exam
0007,0030,0060,0110,0133,0153,0166,0173,no_exam,no_exam,no_exam,no_exam,no_exam,no_exam,no_exam
0007,0031,0071,0079,0110,0131,0154,0166,no_exam,no_exam,no_exam,no_exam,no_exam,no_exam,no_exam
0024,0031,0070,0108,0121,0130,0153,0173,no_exam,no_exam,no_exam,no_exam,no_exam,no_exam,no_exam
0007,0030,0058,0111,0131,0154,0160,0166,no_exam,no_exam,no_exam,no_exam,no_exam,no_exam,no_exam
0007,0031,0059,0079,0110,0131,0153,0174,no_exam,no_exam,no_exam,no_exam,no_exam,no_exam,no_exam
0007,0030,0071,0079,0110,0130,0154,0160,no_exam,no_exam,no_exam,no_exam,no_exam,no_exam,no_exam
0031,0072,0079,0109,0121,0130,0154,0173,no_exam,no_exam,no_exam,no_exam,no_exam,no_exam,no_exam
0007,0030,0072,0079,0109,0121,0133,0153,no_exam,no_exam,no_exam,no_exam,no_exam,no_exam,no_exam
0031,0071,0081,0111,0131,0154,0160,0173,no_exam,no_exam,no_exam,no_exam,no_exam,no_exam,no_exam
0030,0049,0060,0079,0110,0132,0153,0173,no_exam,no_exam,no_exam,no_exam,no_exam,no_exam,no_exam
0031,0060,0081,0111,0131,0153,0160,0166,no_exam,no_exam,no_exam,no_exam,no_exam,no_exam,no_exam
0006,0031,0071,0079,0110,0121,0132,0153,no_exam,no_exam,no_exam,no_exam,no_exam,no_exam,no_exam
0029,0049,0060,0079,0107,0130,0152,0160,no_exam,no_exam,no_exam,no_exam,no_exam,no_exam,no_exam
0007,0031,0071,0081,0091,0109,0130,0154,no_exam,no_exam,no_exam,no_exam,no_exam,no_exam,no_exam
0007,0030,0059,0080,0108,0120,0131,0153,no_exam,no_exam,no_exam,no_exam,no_exam,no_exam,no_exam
0007,0030,0060,0079,0110,0133,0153,0173,no_exam,no_exam,no_exam,no_exam,no_exam,no_exam,no_exam
0031,0072,0079,0109,0121,0131,0154,0166,no_exam,no_exam,no_exam,no_exam,no_exam,no_exam,no_exam
0031,0071,0080,0109,0120,0132,0153,0159,no_exam,no_exam,no_exam,no_exam,no_exam,no_exam,no_exam
0006,0031,0072,0109,0131,0153,0160,0174,no_exam,no_exam,no_exam,no_exam,no_exam,no_exam,no_exam
0024,0031,0060,0109,0120,0133,0153,0173,no_exam,no_exam,no_exam,no_exam,no_exam,no_exam,no_exam
0030,0049,0060,0079,0107,0130,0154,0160,no_exam,no_exam,no_exam,no_exam,no_exam,no_exam,no_exam
0031,0059,0091,0110,0131,0154,0160,0173,no_exam,no_exam,no_exam,no_exam,no_exam,no_exam,no_exam
0006,0031,0071,0079,0110,0121,0132,0153,no_exam,no_exam,no_exam,no_exam,no_exam,no_exam,no_exam
0027,0030,0060,0079,0094,0110,0130,0153,no_exam,no_exam,no_exam,no_exam,no_exam,no_exam,no_exam
0006,0031,0071,0080,0110,0133,0153,0159,no_exam,no_exam,no_exam,no_exam,no_exam,no_exam,no_exam
0030,0060,0081,0091,0111,0130,0154,0160,no_exam,no_exam,no_exam,no_exam,no_exam,no_exam,no_exam
0030,0059,0080,0110,0133,0153,0159,0167,no_exam,no_exam,no_exam,no_exam,no_exam,no_exam,no_exam
0025,0029,0058,0107,0130,0152,0173,no_exam,no_exam,no_exam,no_exam,no_exam,no_exam,no_exam,no_exam
0031,0071,0081,0091,0109,0121,0130,0154,no_exam,no_exam,no_exam,no_exam,no_exam,no_exam,no_exam
0030,0072,0080,0109,0131,0154,0160,0173,no_exam,no_exam,no_exam,no_exam,no_exam,no_exam,no_exam
0007,0015,0024,0030,0058,0080,no_exam,no_exam,no_exam,no_exam,no_exam,no_exam,no_exam,no_exam,no_exam
0025,0029,0058,0107,0130,0152,0160,0173,no_exam,no_exam,no_exam,no_exam,no_exam,no_exam,no_exam
0007,0030,0059,0080,0110,0133,0153,0159,no_exam,no_exam,no_exam,no_exam,no_exam,no_exam,no_exam
0025,0031,0058,0079,0107,0130,0154,0159,no_exam,no_exam,no_exam,no_exam,no_exam,no_exam,no_exam
0029,0058,0107,0131,0154,0160,0166,0173,no_exam,no_exam,no_exam,no_exam,no_exam,no_exam,no_exam
0007,0030,0060,0081,0109,0130,0153,0160,no_exam,no_exam,no_exam,no_exam,no_exam,no_exam,no_exam
0031,0059,0091,0110,0130,0154,0160,0173,no_exam,no_exam,no_exam,no_exam,no_exam,no_exam,no_exam
0015,0029,0058,0131,0160,0166,0174,no_exam,no_exam,no_exam,no_exam,no_exam,no_exam,no_exam,no_exam
0006,0031,0072,0109,0131,0153,0167,0174,no_exam,no_exam,no_exam,no_exam,no_exam,no_exam,no_exam
0030,0059,0081,0110,0121,0133,0153,0159,no_exam,no_exam,no_exam,no_exam,no_exam,no_exam,no_exam
0007,0031,0071,0081,0109,0121,0131,0153,no_exam,no_exam,no_exam,no_exam,no_exam,no_exam,no_exam
0006,0031,0071,0080,0110,0131,0153,0167,no_exam,no_exam,no_exam,no_exam,no_exam,no_exam,no_exam
0030,0060,0079,0110,0132,0153,0160,0173,no_exam,no_exam,no_exam,no_exam,no_exam,no_exam,no_exam
0030,0060,0081,0094,0107,0130,0154,0173,no_exam,no_exam,no_exam,no_exam,no_exam,no_exam,no_exam
0007,0031,0071,0081,0111,0130,0154,0173,no_exam,no_exam,no_exam,no_exam,no_exam,no_exam,no_exam
0025,0029,0070,0107,0130,0152,0173,no_exam,no_exam,no_exam,no_exam,no_exam,no_exam,no_exam,no_exam
0031,0071,0080,0110,0133,0153,0166,0173,no_exam,no_exam,no_exam,no_exam,no_exam,no_exam,no_exam
0031,0060,0081,0091,0111,0132,0153,0173,no_exam,no_exam,no_exam,no_exam,no_exam,no_exam,no_exam
0025,0030,0070,0079,0110,0130,0152,0160,no_exam,no_exam,no_exam,no_exam,no_exam,no_exam,no_exam
0006,0031,0071,0079,0110,0132,0153,0174,no_exam,no_exam,no_exam,no_exam,no_exam,no_exam,no_exam
0024,0028,0058,0108,0131,0152,0167,0174,no_exam,no_exam,no_exam,no_exam,no_exam,no_exam,no_exam
0006,0030,0060,0108,0120,0131,0153,0167,no_exam,no_exam,no_exam,no_exam,no_exam,no_exam,no_exam
0015,0024,0029,0058,0094,0130,0173,no_exam,no_exam,no_exam,no_exam,no_exam,no_exam,no_exam,no_exam
0031,0071,0079,0110,0121,0131,0153,0167,no_exam,no_exam,no_exam,no_exam,no_exam,no_exam,no_exam
0007,0030,0081,0091,0094,0111,0131,0154,no_exam,no_exam,no_exam,no_exam,no_exam,no_exam,no_exam
0025,0029,0058,0107,0130,0152,0160,0173,no_exam,no_exam,no_exam,no_exam,no_exam,no_exam,no_exam
0006,0031,0071,0080,0094,0110,0131,0153,no_exam,no_exam,no_exam,no_exam,no_exam,no_exam,no_exam
0007,0031,0060,0081,0111,0131,0153,0166,no_exam,no_exam,no_exam,no_exam,no_exam,no_exam,no_exam
0027,0030,0058,0107,0121,0132,0153,0173,no_exam,no_exam,no_exam,no_exam,no_exam,no_exam,no_exam
0027,0031,0072,0079,0109,0121,0130,0153,no_exam,no_exam,no_exam,no_exam,no_exam,no_exam,no_exam
0029,0058,0091,0109,0131,0154,0160,0166,no_exam,no_exam,no_exam,no_exam,no_exam,no_exam,no_exam
0007,0031,0059,0080,0110,0131,0153,0166,no_exam,no_exam,no_exam,no_exam,no_exam,no_exam,no_exam
0007,0031,0071,0081,0109,0153,0159,0174,no_exam,no_exam,no_exam,no_exam,no_exam,no_exam,no_exam
0024,0031,0049,0060,0109,0132,0153,0173,no_exam,no_exam,no_exam,no_exam,no_exam,no_exam,no_exam
0031,0049,0060,0109,0130,0154,0159,0173,no_exam,no_exam,no_exam,no_exam,no_exam,no_exam,no_exam
0006,0015,0030,0072,0131,0154,0160,0167,no_exam,no_exam,no_exam,no_exam,no_exam,no_exam,no_exam
0030,0071,0079,0110,0130,0154,0160,0174,no_exam,no_exam,no_exam,no_exam,no_exam,no_exam,no_exam
0024,0028,0058,0108,0131,0152,0167,0174,no_exam,no_exam,no_exam,no_exam,no_exam,no_exam,no_exam
0030,0059,0080,0094,0110,0131,0154,0159,no_exam,no_exam,no_exam,no_exam,no_exam,no_exam,no_exam
0007,0030,0059,0110,0121,0133,0153,0166,no_exam,no_exam,no_exam,no_exam,no_exam,no_exam,no_exam
0006,0031,0071,0079,0110,0132,0153,0174,no_exam,no_exam,no_exam,no_exam,no_exam,no_exam,no_exam
0031,0071,0080,0091,0109,0120,0131,0154,no_exam,no_exam,no_exam,no_exam,no_exam,no_exam,no_exam
0027,0031,0071,0079,0110,0130,0153,0174,no_exam,no_exam,no_exam,no_exam,no_exam,no_exam,no_exam
0007,0030,0072,0080,0109,0130,0153,0160,no_exam,no_exam,no_exam,no_exam,no_exam,no_exam,no_exam
0024,0031,0070,0080,0109,0130,0152,0160,no_exam,no_exam,no_exam,no_exam,no_exam,no_exam,no_exam
0031,0071,0079,0110,0120,0131,0154,0173,no_exam,no_exam,no_exam,no_exam,no_exam,no_exam,no_exam
0030,0058,0079,0110,0131,0152,0167,0174,no_exam,no_exam,no_exam,no_exam,no_exam,no_exam,no_exam
0024,0031,0060,0081,0109,0132,0153,0173,no_exam,no_exam,no_exam,no_exam,no_exam,no_exam,no_exam
0031,0072,0079,0111,0121,0131,0154,0173,no_exam,no_exam,no_exam,no_exam,no_exam,no_exam,no_exam
0025,0029,0058,0107,0130,0152,0160,0173,no_exam,no_exam,no_exam,no_exam,no_exam,no_exam,no_exam
0006,0029,0058,0109,0133,0153,0166,0174,no_exam,no_exam,no_exam,no_exam,no_exam,no_exam,no_exam
0006,0031,0049,0071,0080,0110,0130,0153,no_exam,no_exam,no_exam,no_exam,no_exam,no_exam,no_exam
0007,0031,0059,0081,0109,0131,0154,0173,no_exam,no_exam,no_exam,no_exam,no_exam,no_exam,no_exam
0007,0015,0030,0072,0131,0154,0160,0166,no_exam,no_exam,no_exam,no_exam,no_exam,no_exam,no_exam
0031,0059,0079,0110,0121,0131,0154,0159,no_exam,no_exam,no_exam,no_exam,no_exam,no_exam,no_exam
0006,0031,0071,0080,0094,0110,0130,0153,no_exam,no_exam,no_exam,no_exam,no_exam,no_exam,no_exam
0006,0031,0072,0079,0111,0121,0131,0154,no_exam,no_exam,no_exam,no_exam,no_exam,no_exam,no_exam
0024,0031,0071,0079,0110,0121,0131,0154,no_exam,no_exam,no_exam,no_exam,no_exam,no_exam,no_exam
0031,0072,0079,0111,0121,0131,0154,0166,no_exam,no_exam,no_exam,no_exam,no_exam,no_exam,no_exam
0030,0059,0079,0094,0110,0130,0154,0174,no_exam,no_exam,no_exam,no_exam,no_exam,no_exam,no_exam
0026,0029,0060,0108,0131,0153,0160,0173,no_exam,no_exam,no_exam,no_exam,no_exam,no_exam,no_exam
0030,0071,0081,0091,0110,0130,0154,0174,no_exam,no_exam,no_exam,no_exam,no_exam,no_exam,no_exam
0025,0031,0059,0081,0109,0130,0153,0160,no_exam,no_exam,no_exam,no_exam,no_exam,no_exam,no_exam
0015,0030,0060,0110,0133,0153,0167,0173,no_exam,no_exam,no_exam,no_exam,no_exam,no_exam,no_exam
0024,0028,0058,0108,0131,0152,0167,0174,no_exam,no_exam,no_exam,no_exam,no_exam,no_exam,no_exam
0006,0027,0031,0072,0080,0111,0130,0153,no_exam,no_exam,no_exam,no_exam,no_exam,no_exam,no_exam
0028,0058,0080,0107,0133,0153,0167,0173,no_exam,no_exam,no_exam,no_exam,no_exam,no_exam,no_exam
0006,0031,0072,0079,0111,0121,0131,0154,no_exam,no_exam,no_exam,no_exam,no_exam,no_exam,no_exam
0031,0060,0079,0109,0130,0154,0160,0173,no_exam,no_exam,no_exam,no_exam,no_exam,no_exam,no_exam
0030,0060,0081,0110,0133,0153,0166,0173,no_exam,no_exam,no_exam,no_exam,no_exam,no_exam,no_exam
0006,0031,0071,0110,0131,0154,0159,0174,no_exam,no_exam,no_exam,no_exam,no_exam,no_exam,no_exam
0031,0059,0079,0110,0133,0153,0166,0174,no_exam,no_exam,no_exam,no_exam,no_exam,no_exam,no_exam
0006,0031,0059,0080,0110,0130,0154,0159,no_exam,no_exam,no_exam,no_exam,no_exam,no_exam,no_exam
0031,0059,0091,0110,0131,0154,0160,0173,no_exam,no_exam,no_exam,no_exam,no_exam,no_exam,no_exam
0029,0070,0079,0109,0121,0130,0152,0160,no_exam,no_exam,no_exam,no_exam,no_exam,no_exam,no_exam
0024,0031,0060,0079,0109,0132,0153,0160,no_exam,no_exam,no_exam,no_exam,no_exam,no_exam,no_exam
0006,0031,0058,0107,0131,0152,0167,0174,no_exam,no_exam,no_exam,no_exam,no_exam,no_exam,no_exam
0007,0030,0060,0081,0109,0133,0153,0166,no_exam,no_exam,no_exam,no_exam,no_exam,no_exam,no_exam
0031,0071,0079,0110,0131,0154,0167,0173,no_exam,no_exam,no_exam,no_exam,no_exam,no_exam,no_exam
0031,0071,0079,0110,0121,0133,0153,0173,no_exam,no_exam,no_exam,no_exam,no_exam,no_exam,no_exam
0006,0027,0031,0059,0110,0130,0153,0174,no_exam,no_exam,no_exam,no_exam,no_exam,no_exam,no_exam
0030,0060,0079,0110,0131,0154,0160,0166,no_exam,no_exam,no_exam,no_exam,no_exam,no_exam,no_exam
0006,0031,0072,0079,0109,0121,0130,0154,no_exam,no_exam,no_exam,no_exam,no_exam,no_exam,no_exam
0006,0030,0072,0108,0121,0131,0154,0166,no_exam,no_exam,no_exam,no_exam,no_exam,no_exam,no_exam
0029,0059,0079,0091,0110,0121,0133,0153,no_exam,no_exam,no_exam,no_exam,no_exam,no_exam,no_exam
0031,0049,0071,0079,0109,0130,0154,0160,no_exam,no_exam,no_exam,no_exam,no_exam,no_exam,no_exam
0024,0030,0072,0079,0110,0132,0153,no_exam,no_exam,no_exam,no_exam,no_exam,no_exam,no_exam,no_exam
0007,0030,0059,0110,0131,0154,0160,0166,no_exam,no_exam,no_exam,no_exam,no_exam,no_exam,no_exam
0007,0030,0059,0080,0110,0133,0153,0166,no_exam,no_exam,no_exam,no_exam,no_exam,no_exam,no_exam
0030,0059,0080,0110,0133,0153,0159,0167,no_exam,no_exam,no_exam,no_exam,no_exam,no_exam,no_exam
0030,0072,0079,0091,0110,0121,0130,0154,no_exam,no_exam,no_exam,no_exam,no_exam,no_exam,no_exam
0006,0031,0072,0109,0121,0133,0153,0166,no_exam,no_exam,no_exam,no_exam,no_exam,no_exam,no_exam
0024,0028,0070,0108,0131,0152,0167,0174,no_exam,no_exam,no_exam,no_exam,no_exam,no_exam,no_exam
0007,0030,0072,0094,0107,0131,0154,0166,no_exam,no_exam,no_exam,no_exam,no_exam,no_exam,no_exam
0007,0030,0059,0094,0110,0121,0130,0153,no_exam,no_exam,no_exam,no_exam,no_exam,no_exam,no_exam
0031,0059,0079,0110,0121,0132,0153,0159,no_exam,no_exam,no_exam,no_exam,no_exam,no_exam,no_exam
0031,0059,0079,0110,0121,0132,0153,0159,no_exam,no_exam,no_exam,no_exam,no_exam,no_exam,no_exam
0037,0043,0090,0114,0119,0151,0155,no_exam,no_exam,no_exam,no_exam,no_exam,no_exam,no_exam,no_exam
0005,0006,0013,0017,0035,0141,0159,0171,no_exam,no_exam,no_exam,no_exam,no_exam,no_exam,no_exam
0040,0048,0088,0124,0146,0165,no_exam,no_exam,no_exam,no_exam,no_exam,no_exam,no_exam,no_exam,no_exam
0009,0042,0053,0066,0088,0089,0103,no_exam,no_exam,no_exam,no_exam,no_exam,no_exam,no_exam,no_exam
0034,0063,0082,0104,0114,0144,0155,0170,no_exam,no_exam,no_exam,no_exam,no_exam,no_exam,no_exam
0010,0040,0053,0068,0090,0100,no_exam,no_exam,no_exam,no_exam,no_exam,no_exam,no_exam,no_exam,no_exam
0009,0019,0040,0089,no_exam,no_exam,no_exam,no_exam,no_exam,no_exam,no_exam,no_exam,no_exam,no_exam,no_exam
0042,0048,0075,0089,0099,0100,0164,no_exam,no_exam,no_exam,no_exam,no_exam,no_exam,no_exam,no_exam
0011,0018,0033,0069,0113,0162,no_exam,no_exam,no_exam,no_exam,no_exam,no_exam,no_exam,no_exam,no_exam
0047,0074,0090,0103,0118,0180,no_exam,no_exam,no_exam,no_exam,no_exam,no_exam,no_exam,no_exam,no_exam
0040,0054,0118,0140,0146,0148,0151,no_exam,no_exam,no_exam,no_exam,no_exam,no_exam,no_exam,no_exam
0004,0040,0101,0102,0157,0179,no_exam,no_exam,no_exam,no_exam,no_exam,no_exam,no_exam,no_exam,no_exam
0039,0076,0087,0118,0140,0148,0178,no_exam,no_exam,no_exam,no_exam,no_exam,no_exam,no_exam,no_exam
0037,0043,0056,0086,0116,0123,0140,0142,no_exam,no_exam,no_exam,no_exam,no_exam,no_exam,no_exam
0034,0084,0095,0114,0122,0143,0155,0176,no_exam,no_exam,no_exam,no_exam,no_exam,no_exam,no_exam
0034,0058,0109,0115,0137,0168,0169,no_exam,no_exam,no_exam,no_exam,no_exam,no_exam,no_exam,no_exam
0037,0043,0073,0086,0118,0141,0143,0149,no_exam,no_exam,no_exam,no_exam,no_exam,no_exam,no_exam
0004,0037,0087,0090,0103,0118,0148,no_exam,no_exam,no_exam,no_exam,no_exam,no_exam,no_exam,no_exam
0031,0072,0079,0083,0109,0125,0133,0153,no_exam,no_exam,no_exam,no_exam,no_exam,no_exam,no_exam
0037,0085,0103,0118,0148,0151,0158,no_exam,no_exam,no_exam,no_exam,no_exam,no_exam,no_exam,no_exam
0039,0087,0101,0102,0146,0148,no_exam,no_exam,no_exam,no_exam,no_exam,no_exam,no_exam,no_exam,no_exam
0003,0014,0023,0040,0119,0178,no_exam,no_exam,no_exam,no_exam,no_exam,no_exam,no_exam,no_exam,no_exam
0001,0034,0064,0084,0114,0134,0144,0156,no_exam,no_exam,no_exam,no_exam,no_exam,no_exam,no_exam
0020,0041,0073,0075,no_exam,no_exam,no_exam,no_exam,no_exam,no_exam,no_exam,no_exam,no_exam,no_exam,no_exam
0021,0034,0084,0105,0114,0129,0143,0155,no_exam,no_exam,no_exam,no_exam,no_exam,no_exam,no_exam
0040,0074,0090,0101,0150,0158,no_exam,no_exam,no_exam,no_exam,no_exam,no_exam,no_exam,no_exam,no_exam
0001,0011,0032,0078,0095,0113,0162,no_exam,no_exam,no_exam,no_exam,no_exam,no_exam,no_exam,no_exam
0024,0034,0078,0113,0136,0143,no_exam,no_exam,no_exam,no_exam,no_exam,no_exam,no_exam,no_exam,no_exam
0003,0010,0068,0075,0101,0102,no_exam,no_exam,no_exam,no_exam,no_exam,no_exam,no_exam,no_exam,no_exam
0047,0068,0073,0124,no_exam,no_exam,no_exam,no_exam,no_exam,no_exam,no_exam,no_exam,no_exam,no_exam,no_exam
0037,0043,0055,0077,0090,0091,no_exam,no_exam,no_exam,no_exam,no_exam,no_exam,no_exam,no_exam,no_exam
0056,0119,0142,0143,0146,0148,no_exam,no_exam,no_exam,no_exam,no_exam,no_exam,no_exam,no_exam,no_exam
0010,0040,0114,0119,0148,0151,no_exam,no_exam,no_exam,no_exam,no_exam,no_exam,no_exam,no_exam,no_exam
0002,0033,0104,0109,0123,0126,0156,no_exam,no_exam,no_exam,no_exam,no_exam,no_exam,no_exam,no_exam
0011,0032,0120,0134,0143,0162,0175,no_exam,no_exam,no_exam,no_exam,no_exam,no_exam,no_exam,no_exam
0011,0018,0034,0113,0122,0134,0156,0162,no_exam,no_exam,no_exam,no_exam,no_exam,no_exam,no_exam
0037,0043,0103,0118,0141,0148,0171,no_exam,no_exam,no_exam,no_exam,no_exam,no_exam,no_exam,no_exam
0039,0087,0103,0118,0138,0148,0151,no_exam,no_exam,no_exam,no_exam,no_exam,no_exam,no_exam,no_exam
0011,0014,0032,0113,0122,0129,0152,0161,no_exam,no_exam,no_exam,no_exam,no_exam,no_exam,no_exam
0003,0039,0078,0089,0103,0118,0149,no_exam,no_exam,no_exam,no_exam,no_exam,no_exam,no_exam,no_exam
0033,0039,0079,0083,0109,0115,0153,0156,no_exam,no_exam,no_exam,no_exam,no_exam,no_exam,no_exam
0043,0065,0100,0124,0146,0150,0158,no_exam,no_exam,no_exam,no_exam,no_exam,no_exam,no_exam,no_exam
0014,0017,0018,0036,0051,0161,0175,no_exam,no_exam,no_exam,no_exam,no_exam,no_exam,no_exam,no_exam
0013,0037,0055,no_exam,no_exam,no_exam,no_exam,no_exam,no_exam,no_exam,no_exam,no_exam,no_exam,no_exam,no_exam
0010,0027,0040,0044,0053,0065,0074,0093,no_exam,no_exam,no_exam,no_exam,no_exam,no_exam,no_exam
0043,0099,0101,0102,0145,0150,0157,no_exam,no_exam,no_exam,no_exam,no_exam,no_exam,no_exam,no_exam
0011,0034,0084,0105,0109,0115,0125,0153,no_exam,no_exam,no_exam,no_exam,no_exam,no_exam,no_exam
0040,0100,0102,no_exam,no_exam,no_exam,no_exam,no_exam,no_exam,no_exam,no_exam,no_exam,no_exam,no_exam,no_exam
0003,0010,0040,0128,0142,0181,no_exam,no_exam,no_exam,no_exam,no_exam,no_exam,no_exam,no_exam,no_exam
0037,0086,0103,0118,0123,0140,0148,0151,no_exam,no_exam,no_exam,no_exam,no_exam,no_exam,no_exam
0004,0037,0043,0085,0090,0118,0163,no_exam,no_exam,no_exam,no_exam,no_exam,no_exam,no_exam,no_exam
0012,0015,0016,0033,0050,0054,0136,0163,no_exam,no_exam,no_exam,no_exam,no_exam,no_exam,no_exam
0033,0069,0083,0114,0129,0143,0161,0176,no_exam,no_exam,no_exam,no_exam,no_exam,no_exam,no_exam
0039,0087,0090,0103,0118,0148,no_exam,no_exam,no_exam,no_exam,no_exam,no_exam,no_exam,no_exam,no_exam
0040,0073,0089,0164,no_exam,no_exam,no_exam,no_exam,no_exam,no_exam,no_exam,no_exam,no_exam,no_exam,no_exam
0002,0011,0034,0114,0122,0134,0156,0162,no_exam,no_exam,no_exam,no_exam,no_exam,no_exam,no_exam
0012,0033,0069,0107,0113,0135,0155,0170,no_exam,no_exam,no_exam,no_exam,no_exam,no_exam,no_exam
0023,0037,0043,0057,0118,0129,no_exam,no_exam,no_exam,no_exam,no_exam,no_exam,no_exam,no_exam,no_exam
0003,0040,0048,0053,0068,0165,no_exam,no_exam,no_exam,no_exam,no_exam,no_exam,no_exam,no_exam,no_exam
0040,0048,0090,0102,0124,0146,no_exam,no_exam,no_exam,no_exam,no_exam,no_exam,no_exam,no_exam,no_exam
0021,0037,0043,0065,0086,0103,0123,no_exam,no_exam,no_exam,no_exam,no_exam,no_exam,no_exam,no_exam
0042,0068,0074,no_exam,no_exam,no_exam,no_exam,no_exam,no_exam,no_exam,no_exam,no_exam,no_exam,no_exam,no_exam
0088,0102,0164,no_exam,no_exam,no_exam,no_exam,no_exam,no_exam,no_exam,no_exam,no_exam,no_exam,no_exam,no_exam
0009,0100,0102,0157,no_exam,no_exam,no_exam,no_exam,no_exam,no_exam,no_exam,no_exam,no_exam,no_exam,no_exam
0003,0009,0019,0040,no_exam,no_exam,no_exam,no_exam,no_exam,no_exam,no_exam,no_exam,no_exam,no_exam,no_exam
0037,0043,0087,0090,0094,0103,0118,0148,no_exam,no_exam,no_exam,no_exam,no_exam,no_exam,no_exam
0002,0043,0101,0102,0123,0127,0163,no_exam,no_exam,no_exam,no_exam,no_exam,no_exam,no_exam,no_exam
0004,0010,0019,0040,0045,0142,no_exam,no_exam,no_exam,no_exam,no_exam,no_exam,no_exam,no_exam,no_exam
0001,0033,0069,0115,0135,0144,0155,0176,no_exam,no_exam,no_exam,no_exam,no_exam,no_exam,no_exam
0033,0084,0092,0094,0114,0136,0144,0155,no_exam,no_exam,no_exam,no_exam,no_exam,no_exam,no_exam
0099,0100,0102,0143,0151,0158,0172,0179,no_exam,no_exam,no_exam,no_exam,no_exam,no_exam,no_exam
0005,0014,0037,0087,0103,0106,0118,0148,no_exam,no_exam,no_exam,no_exam,no_exam,no_exam,no_exam
0098,0100,0104,no_exam,no_exam,no_exam,no_exam,no_exam,no_exam,no_exam,no_exam,no_exam,no_exam,no_exam,no_exam
0043,0098,0100,0103,0146,0150,0157,0181,no_exam,no_exam,no_exam,no_exam,no_exam,no_exam,no_exam
0010,0047,0075,0089,0097,0158,no_exam,no_exam,no_exam,no_exam,no_exam,no_exam,no_exam,no_exam,no_exam
0037,0043,0085,0103,0118,0148,0151,no_exam,no_exam,no_exam,no_exam,no_exam,no_exam,no_exam,no_exam
0040,0098,0100,0106,0146,0151,0157,no_exam,no_exam,no_exam,no_exam,no_exam,no_exam,no_exam,no_exam
0037,0043,0076,0101,0102,0128,0139,0149,no_exam,no_exam,no_exam,no_exam,no_exam,no_exam,no_exam
0004,0033,0039,0101,0102,0104,0106,0157,no_exam,no_exam,no_exam,no_exam,no_exam,no_exam,no_exam
0004,0038,0043,0099,0100,0150,0157,no_exam,no_exam,no_exam,no_exam,no_exam,no_exam,no_exam,no_exam
0003,0009,0040,0157,no_exam,no_exam,no_exam,no_exam,no_exam,no_exam,no_exam,no_exam,no_exam,no_exam,no_exam
0019,0098,0099,0150,0157,0158,no_exam,no_exam,no_exam,no_exam,no_exam,no_exam,no_exam,no_exam,no_exam
0005,0013,0037,0043,0116,0141,0147,0178,no_exam,no_exam,no_exam,no_exam,no_exam,no_exam,no_exam
0043,0068,0085,0142,no_exam,no_exam,no_exam,no_exam,no_exam,no_exam,no_exam,no_exam,no_exam,no_exam,no_exam
0011,0034,0084,0114,0120,0134,0144,0155,no_exam,no_exam,no_exam,no_exam,no_exam,no_exam,no_exam
0078,0085,0118,0123,no_exam,no_exam,no_exam,no_exam,no_exam,no_exam,no_exam,no_exam,no_exam,no_exam,no_exam
0032,0058,0071,0128,0135,0141,0161,no_exam,no_exam,no_exam,no_exam,no_exam,no_exam,no_exam,no_exam
0040,0045,0075,0102,0124,0146,no_exam,no_exam,no_exam,no_exam,no_exam,no_exam,no_exam,no_exam,no_exam
0037,0043,0076,0086,0118,0123,0141,no_exam,no_exam,no_exam,no_exam,no_exam,no_exam,no_exam,no_exam
0164,0179,no_exam,no_exam,no_exam,no_exam,no_exam,no_exam,no_exam,no_exam,no_exam,no_exam,no_exam,no_exam,no_exam
0034,0064,0083,0106,0114,0122,0135,0156,no_exam,no_exam,no_exam,no_exam,no_exam,no_exam,no_exam
0037,0043,0068,0077,0085,0119,0163,no_exam,no_exam,no_exam,no_exam,no_exam,no_exam,no_exam,no_exam
0008,0010,0017,0020,0118,no_exam,no_exam,no_exam,no_exam,no_exam,no_exam,no_exam,no_exam,no_exam,no_exam
0043,0051,0076,0087,0119,0138,0149,0178,no_exam,no_exam,no_exam,no_exam,no_exam,no_exam,no_exam
0040,0075,0089,0164,0180,0181,no_exam,no_exam,no_exam,no_exam,no_exam,no_exam,no_exam,no_exam,no_exam
0010,0037,0043,0052,0103,0118,no_exam,no_exam,no_exam,no_exam,no_exam,no_exam,no_exam,no_exam,no_exam
0048,0073,0101,0103,0118,0157,no_exam,no_exam,no_exam,no_exam,no_exam,no_exam,no_exam,no_exam,no_exam
0037,0043,0086,0114,0119,0138,0148,no_exam,no_exam,no_exam,no_exam,no_exam,no_exam,no_exam,no_exam
0037,0043,0086,0103,0118,0148,no_exam,no_exam,no_exam,no_exam,no_exam,no_exam,no_exam,no_exam,no_exam
0003,0019,0040,0044,0103,0120,no_exam,no_exam,no_exam,no_exam,no_exam,no_exam,no_exam,no_exam,no_exam
0011,0039,0077,0087,0096,0103,0118,no_exam,no_exam,no_exam,no_exam,no_exam,no_exam,no_exam,no_exam
0014,0023,0039,0077,0116,0163,no_exam,no_exam,no_exam,no_exam,no_exam,no_exam,no_exam,no_exam,no_exam
0037,0086,0103,0106,0118,0123,0141,0148,no_exam,no_exam,no_exam,no_exam,no_exam,no_exam,no_exam
0008,0011,0032,0049,0079,0113,0140,no_exam,no_exam,no_exam,no_exam,no_exam,no_exam,no_exam,no_exam
0090,0099,0100,0157,0177,0180,no_exam,no_exam,no_exam,no_exam,no_exam,no_exam,no_exam,no_exam,no_exam
0037,0043,0085,0103,0118,0141,0148,no_exam,no_exam,no_exam,no_exam,no_exam,no_exam,no_exam,no_exam
0011,0033,0092,0115,0137,0149,0155,0176,no_exam,no_exam,no_exam,no_exam,no_exam,no_exam,no_exam
0008,0014,0033,0039,0114,0119,0123,no_exam,no_exam,no_exam,no_exam,no_exam,no_exam,no_exam,no_exam
0001,0011,0034,0137,0168,no_exam,no_exam,no_exam,no_exam,no_exam,no_exam,no_exam,no_exam,no_exam,no_exam
0011,0039,0053,0071,0140,0163,no_exam,no_exam,no_exam,no_exam,no_exam,no_exam,no_exam,no_exam,no_exam
0025,0033,0113,0137,0144,0169,0173,0175,no_exam,no_exam,no_exam,no_exam,no_exam,no_exam,no_exam
0040,0073,0100,0150,no_exam,no_exam,no_exam,no_exam,no_exam,no_exam,no_exam,no_exam,no_exam,no_exam,no_exam
0001,0018,0034,0062,0104,0115,0137,0144,no_exam,no_exam,no_exam,no_exam,no_exam,no_exam,no_exam
0037,0065,0087,0101,0102,0106,0149,no_exam,no_exam,no_exam,no_exam,no_exam,no_exam,no_exam,no_exam
0089,0100,0146,0150,0158,no_exam,no_exam,no_exam,no_exam,no_exam,no_exam,no_exam,no_exam,no_exam,no_exam
0033,0062,0084,0104,0115,0137,0156,0169,no_exam,no_exam,no_exam,no_exam,no_exam,no_exam,no_exam
0089,0090,0101,0102,0142,no_exam,no_exam,no_exam,no_exam,no_exam,no_exam,no_exam,no_exam,no_exam,no_exam
0040,0055,0077,0086,0103,0118,0140,no_exam,no_exam,no_exam,no_exam,no_exam,no_exam,no_exam,no_exam
0024,0046,0079,no_exam,no_exam,no_exam,no_exam,no_exam,no_exam,no_exam,no_exam,no_exam,no_exam,no_exam,no_exam
0010,0019,0040,0090,0101,0102,no_exam,no_exam,no_exam,no_exam,no_exam,no_exam,no_exam,no_exam,no_exam
0012,0033,0063,0082,0109,0115,0122,0137,no_exam,no_exam,no_exam,no_exam,no_exam,no_exam,no_exam
0043,0047,0052,0074,0117,no_exam,no_exam,no_exam,no_exam,no_exam,no_exam,no_exam,no_exam,no_exam,no_exam
0037,0043,0054,0077,0087,0090,0148,no_exam,no_exam,no_exam,no_exam,no_exam,no_exam,no_exam,no_exam
0040,0073,0100,0145,no_exam,no_exam,no_exam,no_exam,no_exam,no_exam,no_exam,no_exam,no_exam,no_exam,no_exam
0034,0064,0084,0092,0115,0135,0156,0169,no_exam,no_exam,no_exam,no_exam,no_exam,no_exam,no_exam
0033,0079,0083,0115,0137,0155,0168,no_exam,no_exam,no_exam,no_exam,no_exam,no_exam,no_exam,no_exam
0118,0139,0148,no_exam,no_exam,no_exam,no_exam,no_exam,no_exam,no_exam,no_exam,no_exam,no_exam,no_exam,no_exam
0030,0063,0079,0083,0114,0136,0144,0153,no_exam,no_exam,no_exam,no_exam,no_exam,no_exam,no_exam
0037,0043,0065,0085,0103,0118,0149,0172,no_exam,no_exam,no_exam,no_exam,no_exam,no_exam,no_exam
0009,0074,0100,0101,0103,no_exam,no_exam,no_exam,no_exam,no_exam,no_exam,no_exam,no_exam,no_exam,no_exam
0040,0099,0100,0102,0146,0158,no_exam,no_exam,no_exam,no_exam,no_exam,no_exam,no_exam,no_exam,no_exam
0033,0039,0050,0083,0114,0134,0143,0156,no_exam,no_exam,no_exam,no_exam,no_exam,no_exam,no_exam
0034,0064,0115,0137,0155,0168,0169,0176,no_exam,no_exam,no_exam,no_exam,no_exam,no_exam,no_exam
0010,0013,0037,0043,0075,0116,0139,0165,no_exam,no_exam,no_exam,no_exam,no_exam,no_exam,no_exam
0001,0012,0015,0016,0034,0054,0136,no_exam,no_exam,no_exam,no_exam,no_exam,no_exam,no_exam,no_exam
0012,0016,0024,0032,0054,0126,0134,0175,no_exam,no_exam,no_exam,no_exam,no_exam,no_exam,no_exam
0037,0085,0103,0118,0141,0148,0151,no_exam,no_exam,no_exam,no_exam,no_exam,no_exam,no_exam,no_exam
0037,0043,0062,0067,0077,0118,0149,no_exam,no_exam,no_exam,no_exam,no_exam,no_exam,no_exam,no_exam
0043,0089,0101,0102,0146,0150,no_exam,no_exam,no_exam,no_exam,no_exam,no_exam,no_exam,no_exam,no_exam
0033,0083,0114,0119,0125,0137,0156,0169,no_exam,no_exam,no_exam,no_exam,no_exam,no_exam,no_exam
0003,0009,0102,no_exam,no_exam,no_exam,no_exam,no_exam,no_exam,no_exam,no_exam,no_exam,no_exam,no_exam,no_exam
0003,0024,0116,0177,no_exam,no_exam,no_exam,no_exam,no_exam,no_exam,no_exam,no_exam,no_exam,no_exam,no_exam
0037,0056,0085,0114,0119,0123,0140,0149,no_exam,no_exam,no_exam,no_exam,no_exam,no_exam,no_exam
0002,0020,0037,0067,0096,0118,0149,no_exam,no_exam,no_exam,no_exam,no_exam,no_exam,no_exam,no_exam
0019,0037,0043,0061,0101,0103,0118,no_exam,no_exam,no_exam,no_exam,no_exam,no_exam,no_exam,no_exam
0040,0045,0061,0075,0101,0102,no_exam,no_exam,no_exam,no_exam,no_exam,no_exam,no_exam,no_exam,no_exam
0007,0008,0013,0058,0141,0173,0176,no_exam,no_exam,no_exam,no_exam,no_exam,no_exam,no_exam,no_exam
0045,0053,0116,0142,0146,0148,no_exam,no_exam,no_exam,no_exam,no_exam,no_exam,no_exam,no_exam,no_exam
0009,0045,0047,0061,0140,0165,0179,0181,no_exam,no_exam,no_exam,no_exam,no_exam,no_exam,no_exam
0012,0016,0018,0032,0125,0161,0176,no_exam,no_exam,no_exam,no_exam,no_exam,no_exam,no_exam,no_exam
0033,0063,0083,0114,0137,0143,0156,0175,no_exam,no_exam,no_exam,no_exam,no_exam,no_exam,no_exam
0011,0022,0034,0084,0095,0114,0136,0155,no_exam,no_exam,no_exam,no_exam,no_exam,no_exam,no_exam
0034,0064,0092,0105,0114,0135,0156,0170,no_exam,no_exam,no_exam,no_exam,no_exam,no_exam,no_exam
0041,0088,no_exam,no_exam,no_exam,no_exam,no_exam,no_exam,no_exam,no_exam,no_exam,no_exam,no_exam,no_exam,no_exam
0001,0034,0064,0114,0135,0156,0170,0176,no_exam,no_exam,no_exam,no_exam,no_exam,no_exam,no_exam
0003,0008,0023,0085,no_exam,no_exam,no_exam,no_exam,no_exam,no_exam,no_exam,no_exam,no_exam,no_exam,no_exam
0065,0099,0101,0102,0124,0150,0158,no_exam,no_exam,no_exam,no_exam,no_exam,no_exam,no_exam,no_exam
0037,0043,0085,0103,0118,0148,0151,no_exam,no_exam,no_exam,no_exam,no_exam,no_exam,no_exam,no_exam
0034,0064,0078,0083,0114,0136,0144,0163,no_exam,no_exam,no_exam,no_exam,no_exam,no_exam,no_exam
0039,0069,0082,0086,0114,0119,0134,0155,no_exam,no_exam,no_exam,no_exam,no_exam,no_exam,no_exam
0043,0089,0099,0100,0146,0157,no_exam,no_exam,no_exam,no_exam,no_exam,no_exam,no_exam,no_exam,no_exam
0042,0075,0101,0102,0146,0150,no_exam,no_exam,no_exam,no_exam,no_exam,no_exam,no_exam,no_exam,no_exam
0011,0015,0030,0060,0072,0108,0137,0153,no_exam,no_exam,no_exam,no_exam,no_exam,no_exam,no_exam
0037,0043,0085,0090,0101,0102,no_exam,no_exam,no_exam,no_exam,no_exam,no_exam,no_exam,no_exam,no_exam
0040,0100,0101,0102,0158,no_exam,no_exam,no_exam,no_exam,no_exam,no_exam,no_exam,no_exam,no_exam,no_exam
0034,0062,0084,0092,0095,0114,0143,0156,no_exam,no_exam,no_exam,no_exam,no_exam,no_exam,no_exam
0003,0005,0023,0043,0053,0056,0076,no_exam,no_exam,no_exam,no_exam,no_exam,no_exam,no_exam,no_exam
0011,0034,0087,0094,0115,0125,0143,0156,no_exam,no_exam,no_exam,no_exam,no_exam,no_exam,no_exam
0033,0083,0109,0115,0136,0155,0161,no_exam,no_exam,no_exam,no_exam,no_exam,no_exam,no_exam,no_exam
0011,0016,0032,0058,0126,0152,0169,no_exam,no_exam,no_exam,no_exam,no_exam,no_exam,no_exam,no_exam
0004,0010,0019,0040,0048,0179,no_exam,no_exam,no_exam,no_exam,no_exam,no_exam,no_exam,no_exam,no_exam
0004,0008,0039,0076,no_exam,no_exam,no_exam,no_exam,no_exam,no_exam,no_exam,no_exam,no_exam,no_exam,no_exam
0037,0043,0085,0090,0103,0118,0148,no_exam,no_exam,no_exam,no_exam,no_exam,no_exam,no_exam,no_exam
0003,0040,0100,0102,no_exam,no_exam,no_exam,no_exam,no_exam,no_exam,no_exam,no_exam,no_exam,no_exam,no_exam
0013,0037,0043,0065,0117,0128,0139,0171,no_exam,no_exam,no_exam,no_exam,no_exam,no_exam,no_exam
0003,0005,0043,0057,0116,0148,no_exam,no_exam,no_exam,no_exam,no_exam,no_exam,no_exam,no_exam,no_exam
0034,0064,0083,0114,0137,0144,0155,no_exam,no_exam,no_exam,no_exam,no_exam,no_exam,no_exam,no_exam
0012,0033,0062,0114,0137,0156,0162,0175,no_exam,no_exam,no_exam,no_exam,no_exam,no_exam,no_exam
0037,0054,0066,0114,0119,0146,0148,no_exam,no_exam,no_exam,no_exam,no_exam,no_exam,no_exam,no_exam
0004,0009,0041,0053,0124,no_exam,no_exam,no_exam,no_exam,no_exam,no_exam,no_exam,no_exam,no_exam,no_exam
0037,0043,0103,0118,0139,0148,0151,no_exam,no_exam,no_exam,no_exam,no_exam,no_exam,no_exam,no_exam
0001,0008,0012,0013,0036,0057,0112,no_exam,no_exam,no_exam,no_exam,no_exam,no_exam,no_exam,no_exam
0009,0042,0065,no_exam,no_exam,no_exam,no_exam,no_exam,no_exam,no_exam,no_exam,no_exam,no_exam,no_exam,no_exam
0043,0065,0099,0100,0150,0158,no_exam,no_exam,no_exam,no_exam,no_exam,no_exam,no_exam,no_exam,no_exam
0013,0017,0036,0055,0129,no_exam,no_exam,no_exam,no_exam,no_exam,no_exam,no_exam,no_exam,no_exam,no_exam
0037,0086,0103,0118,0139,0148,0151,no_exam,no_exam,no_exam,no_exam,no_exam,no_exam,no_exam,no_exam
0009,0052,0074,0100,no_exam,no_exam,no_exam,no_exam,no_exam,no_exam,no_exam,no_exam,no_exam,no_exam,no_exam
0037,0043,0051,0057,0063,0067,0082,no_exam,no_exam,no_exam,no_exam,no_exam,no_exam,no_exam,no_exam
0043,0075,0103,0118,0148,0164,no_exam,no_exam,no_exam,no_exam,no_exam,no_exam,no_exam,no_exam,no_exam
0004,0040,0053,0061,0074,0103,0118,no_exam,no_exam,no_exam,no_exam,no_exam,no_exam,no_exam,no_exam
0004,0039,0064,0087,0103,0118,0146,0148,no_exam,no_exam,no_exam,no_exam,no_exam,no_exam,no_exam
0005,0008,0033,0070,0103,0118,0122,0141,no_exam,no_exam,no_exam,no_exam,no_exam,no_exam,no_exam
0043,0099,0100,0104,0106,0150,0157,no_exam,no_exam,no_exam,no_exam,no_exam,no_exam,no_exam,no_exam
0033,0062,0084,0095,0114,0137,0156,0168,no_exam,no_exam,no_exam,no_exam,no_exam,no_exam,no_exam
0003,0037,0057,0086,0118,no_exam,no_exam,no_exam,no_exam,no_exam,no_exam,no_exam,no_exam,no_exam,no_exam
0003,0048,0074,0101,0103,0118,no_exam,no_exam,no_exam,no_exam,no_exam,no_exam,no_exam,no_exam,no_exam
0040,0100,0102,no_exam,no_exam,no_exam,no_exam,no_exam,no_exam,no_exam,no_exam,no_exam,no_exam,no_exam,no_exam
0033,0064,0084,0105,0115,0137,0155,0169,no_exam,no_exam,no_exam,no_exam,no_exam,no_exam,no_exam
0004,0043,0074,0088,0100,0146,0150,no_exam,no_exam,no_exam,no_exam,no_exam,no_exam,no_exam,no_exam
0012,0033,0039,0043,0063,0065,0076,0101,0102,0114,0119,0150,0177,0180,no_exam
0001,0033,0083,0105,0115,0122,0137,0155,no_exam,no_exam,no_exam,no_exam,no_exam,no_exam,no_exam
0012,0016,0021,0022,0034,0078,0113,0161,no_exam,no_exam,no_exam,no_exam,no_exam,no_exam,no_exam
0040,0099,0100,0150,0158,0165,no_exam,no_exam,no_exam,no_exam,no_exam,no_exam,no_exam,no_exam,no_exam
0011,0022,0033,0063,0083,0115,0122,0136,no_exam,no_exam,no_exam,no_exam,no_exam,no_exam,no_exam
0003,0010,0040,0048,0068,no_exam,no_exam,no_exam,no_exam,no_exam,no_exam,no_exam,no_exam,no_exam,no_exam
0040,0074,no_exam,no_exam,no_exam,no_exam,no_exam,no_exam,no_exam,no_exam,no_exam,no_exam,no_exam,no_exam,no_exam
0012,0034,0082,0122,0134,0144,no_exam,no_exam,no_exam,no_exam,no_exam,no_exam,no_exam,no_exam,no_exam
0040,0099,0101,0102,0151,0157,no_exam,no_exam,no_exam,no_exam,no_exam,no_exam,no_exam,no_exam,no_exam
0039,0055,0086,0118,0140,no_exam,no_exam,no_exam,no_exam,no_exam,no_exam,no_exam,no_exam,no_exam,no_exam
0010,0040,0099,0100,0145,0158,no_exam,no_exam,no_exam,no_exam,no_exam,no_exam,no_exam,no_exam,no_exam
0043,0054,0087,0090,0101,0102,0129,0148,no_exam,no_exam,no_exam,no_exam,no_exam,no_exam,no_exam
0011,0018,0034,0115,0122,0135,0144,0170,no_exam,no_exam,no_exam,no_exam,no_exam,no_exam,no_exam
0005,0011,0033,0039,0072,0109,0115,0168,no_exam,no_exam,no_exam,no_exam,no_exam,no_exam,no_exam
0074,0102,0142,no_exam,no_exam,no_exam,no_exam,no_exam,no_exam,no_exam,no_exam,no_exam,no_exam,no_exam,no_exam
0001,0011,0015,0034,0083,0092,0095,no_exam,no_exam,no_exam,no_exam,no_exam,no_exam,no_exam,no_exam
0034,0064,0114,0135,0144,0156,0170,0175,no_exam,no_exam,no_exam,no_exam,no_exam,no_exam,no_exam
0040,0074,0088,0164,no_exam,no_exam,no_exam,no_exam,no_exam,no_exam,no_exam,no_exam,no_exam,no_exam,no_exam
0002,0014,0036,0118,0127,0139,0169,0171,no_exam,no_exam,no_exam,no_exam,no_exam,no_exam,no_exam
0034,0064,0084,0114,0134,0156,0169,0176,no_exam,no_exam,no_exam,no_exam,no_exam,no_exam,no_exam
0033,0069,0083,0095,0114,0135,0143,0156,no_exam,no_exam,no_exam,no_exam,no_exam,no_exam,no_exam
0040,0061,0066,0101,0102,0151,no_exam,no_exam,no_exam,no_exam,no_exam,no_exam,no_exam,no_exam,no_exam
0011,0034,0069,0109,0115,0125,0128,no_exam,no_exam,no_exam,no_exam,no_exam,no_exam,no_exam,no_exam
0042,0088,0102,no_exam,no_exam,no_exam,no_exam,no_exam,no_exam,no_exam,no_exam,no_exam,no_exam,no_exam,no_exam
0003,0009,0100,0102,no_exam,no_exam,no_exam,no_exam,no_exam,no_exam,no_exam,no_exam,no_exam,no_exam,no_exam
0040,0157,no_exam,no_exam,no_exam,no_exam,no_exam,no_exam,no_exam,no_exam,no_exam,no_exam,no_exam,no_exam,no_exam
0002,0012,0034,0107,0134,0162,no_exam,no_exam,no_exam,no_exam,no_exam,no_exam,no_exam,no_exam,no_exam
0098,0151,0157,0180,no_exam,no_exam,no_exam,no_exam,no_exam,no_exam,no_exam,no_exam,no_exam,no_exam,no_exam
0089,0098,0100,no_exam,no_exam,no_exam,no_exam,no_exam,no_exam,no_exam,no_exam,no_exam,no_exam,no_exam,no_exam
0004,0040,0045,0068,0073,0075,no_exam,no_exam,no_exam,no_exam,no_exam,no_exam,no_exam,no_exam,no_exam
0033,0069,0104,0114,0135,0144,0156,0170,no_exam,no_exam,no_exam,no_exam,no_exam,no_exam,no_exam
0040,0098,0100,0157,no_exam,no_exam,no_exam,no_exam,no_exam,no_exam,no_exam,no_exam,no_exam,no_exam,no_exam
0066,0101,0102,0142,0145,0158,no_exam,no_exam,no_exam,no_exam,no_exam,no_exam,no_exam,no_exam,no_exam
0011,0014,0017,0038,0043,0054,0065,0129,no_exam,no_exam,no_exam,no_exam,no_exam,no_exam,no_exam
0012,0016,0027,0034,0078,0082,0122,0161,no_exam,no_exam,no_exam,no_exam,no_exam,no_exam,no_exam
0001,0011,0016,0034,0062,0069,no_exam,no_exam,no_exam,no_exam,no_exam,no_exam,no_exam,no_exam,no_exam
0034,0064,0077,0084,0104,0114,0137,0155,no_exam,no_exam,no_exam,no_exam,no_exam,no_exam,no_exam
0100,0102,0145,no_exam,no_exam,no_exam,no_exam,no_exam,no_exam,no_exam,no_exam,no_exam,no_exam,no_exam,no_exam
0034,0064,0084,0104,0114,0125,0137,0156,no_exam,no_exam,no_exam,no_exam,no_exam,no_exam,no_exam
0033,0105,0115,0137,0155,0169,0170,0175,no_exam,no_exam,no_exam,no_exam,no_exam,no_exam,no_exam
0037,0103,0118,0123,0140,0148,0158,no_exam,no_exam,no_exam,no_exam,no_exam,no_exam,no_exam,no_exam
0001,0012,0018,0033,0115,0122,0126,0137,no_exam,no_exam,no_exam,no_exam,no_exam,no_exam,no_exam
0001,0033,0082,0137,0144,0175,no_exam,no_exam,no_exam,no_exam,no_exam,no_exam,no_exam,no_exam,no_exam
0042,0090,0099,0100,no_exam,no_exam,no_exam,no_exam,no_exam,no_exam,no_exam,no_exam,no_exam,no_exam,no_exam
0004,0037,0076,0086,0101,0118,0139,no_exam,no_exam,no_exam,no_exam,no_exam,no_exam,no_exam,no_exam
0010,0040,0045,0068,0101,0102,no_exam,no_exam,no_exam,no_exam,no_exam,no_exam,no_exam,no_exam,no_exam
0004,0037,0087,0103,0118,0148,0158,no_exam,no_exam,no_exam,no_exam,no_exam,no_exam,no_exam,no_exam
0040,0098,0150,no_exam,no_exam,no_exam,no_exam,no_exam,no_exam,no_exam,no_exam,no_exam,no_exam,no_exam,no_exam
0011,0014,0038,0043,0099,0100,0151,0157,no_exam,no_exam,no_exam,no_exam,no_exam,no_exam,no_exam
0034,0064,0083,0114,0135,0144,0155,0176,no_exam,no_exam,no_exam,no_exam,no_exam,no_exam,no_exam
0020,0042,0044,0074,0082,0086,no_exam,no_exam,no_exam,no_exam,no_exam,no_exam,no_exam,no_exam,no_exam
0066,0142,0148,0158,0179,0181,no_exam,no_exam,no_exam,no_exam,no_exam,no_exam,no_exam,no_exam,no_exam
0027,0037,0043,0114,0119,0140,0142,0147,no_exam,no_exam,no_exam,no_exam,no_exam,no_exam,no_exam
0043,0051,0103,0118,0178,no_exam,no_exam,no_exam,no_exam,no_exam,no_exam,no_exam,no_exam,no_exam,no_exam
0040,0086,0103,0118,0123,0146,0148,no_exam,no_exam,no_exam,no_exam,no_exam,no_exam,no_exam,no_exam
0040,0075,0101,0142,0150,0158,no_exam,no_exam,no_exam,no_exam,no_exam,no_exam,no_exam,no_exam,no_exam
0012,0018,0032,0107,0113,0135,0155,0162,no_exam,no_exam,no_exam,no_exam,no_exam,no_exam,no_exam
0038,0043,0065,0101,0102,0151,0157,no_exam,no_exam,no_exam,no_exam,no_exam,no_exam,no_exam,no_exam
0043,0099,0100,0102,0106,0148,0151,0157,no_exam,no_exam,no_exam,no_exam,no_exam,no_exam,no_exam
0004,0010,0099,0100,0102,no_exam,no_exam,no_exam,no_exam,no_exam,no_exam,no_exam,no_exam,no_exam,no_exam
0037,0043,0085,0095,0103,0118,0148,no_exam,no_exam,no_exam,no_exam,no_exam,no_exam,no_exam,no_exam
0011,0037,0077,0086,0096,0148,no_exam,no_exam,no_exam,no_exam,no_exam,no_exam,no_exam,no_exam,no_exam
0008,0035,0117,0147,0172,0178,no_exam,no_exam,no_exam,no_exam,no_exam,no_exam,no_exam,no_exam,no_exam
0014,0037,0052,0076,0086,0103,0118,no_exam,no_exam,no_exam,no_exam,no_exam,no_exam,no_exam,no_exam
0033,0063,0095,0115,0137,0155,0169,0175,no_exam,no_exam,no_exam,no_exam,no_exam,no_exam,no_exam
0073,0089,0118,no_exam,no_exam,no_exam,no_exam,no_exam,no_exam,no_exam,no_exam,no_exam,no_exam,no_exam,no_exam
0050,0051,0112,0117,0175,0178,no_exam,no_exam,no_exam,no_exam,no_exam,no_exam,no_exam,no_exam,no_exam
0014,0037,0056,0086,0102,0148,0151,0163,no_exam,no_exam,no_exam,no_exam,no_exam,no_exam,no_exam
0004,0009,0040,0099,0101,0102,0151,0157,no_exam,no_exam,no_exam,no_exam,no_exam,no_exam,no_exam
0009,0043,0065,0099,0101,0102,0157,no_exam,no_exam,no_exam,no_exam,no_exam,no_exam,no_exam,no_exam
0009,0043,0099,0100,0124,0158,no_exam,no_exam,no_exam,no_exam,no_exam,no_exam,no_exam,no_exam,no_exam
0001,0033,0083,0114,0119,0137,0143,0156,no_exam,no_exam,no_exam,no_exam,no_exam,no_exam,no_exam
0037,0043,0087,0103,0118,0148,0151,no_exam,no_exam,no_exam,no_exam,no_exam,no_exam,no_exam,no_exam
0015,0022,0033,0050,0058,0136,0162,no_exam,no_exam,no_exam,no_exam,no_exam,no_exam,no_exam,no_exam
0011,0034,0078,0113,0137,0155,no_exam,no_exam,no_exam,no_exam,no_exam,no_exam,no_exam,no_exam,no_exam
0037,0043,0085,0103,0118,0148,0151,no_exam,no_exam,no_exam,no_exam,no_exam,no_exam,no_exam,no_exam
0040,0045,0099,0100,0124,0158,no_exam,no_exam,no_exam,no_exam,no_exam,no_exam,no_exam,no_exam,no_exam
0011,0022,0032,0135,0156,0168,no_exam,no_exam,no_exam,no_exam,no_exam,no_exam,no_exam,no_exam,no_exam
0043,0046,0098,0101,0151,0157,no_exam,no_exam,no_exam,no_exam,no_exam,no_exam,no_exam,no_exam,no_exam
0011,0033,0084,0114,0137,0144,0155,0176,no_exam,no_exam,no_exam,no_exam,no_exam,no_exam,no_exam
0033,0063,0069,0083,0114,0135,0156,0175,no_exam,no_exam,no_exam,no_exam,no_exam,no_exam,no_exam
0009,0100,0102,no_exam,no_exam,no_exam,no_exam,no_exam,no_exam,no_exam,no_exam,no_exam,no_exam,no_exam,no_exam
0003,0075,0148,0151,0158,no_exam,no_exam,no_exam,no_exam,no_exam,no_exam,no_exam,no_exam,no_exam,no_exam
0033,0064,0105,0115,0137,0156,0169,0175,no_exam,no_exam,no_exam,no_exam,no_exam,no_exam,no_exam
0037,0086,0103,0118,0128,0148,0171,no_exam,no_exam,no_exam,no_exam,no_exam,no_exam,no_exam,no_exam
0002,0034,0064,0084,0095,0114,0134,0155,no_exam,no_exam,no_exam,no_exam,no_exam,no_exam,no_exam
0020,0040,0048,0073,0074,0127,no_exam,no_exam,no_exam,no_exam,no_exam,no_exam,no_exam,no_exam,no_exam
0001,0008,0013,0020,0039,0117,0128,0138,no_exam,no_exam,no_exam,no_exam,no_exam,no_exam,no_exam
0033,0062,0082,0115,0122,0137,0156,0176,no_exam,no_exam,no_exam,no_exam,no_exam,no_exam,no_exam
0039,0076,0103,0118,0139,0148,0151,no_exam,no_exam,no_exam,no_exam,no_exam,no_exam,no_exam,no_exam
0033,0062,0083,0105,0114,0137,0156,0175,no_exam,no_exam,no_exam,no_exam,no_exam,no_exam,no_exam
0005,0013,0018,0043,0090,0116,no_exam,no_exam,no_exam,no_exam,no_exam,no_exam,no_exam,no_exam,no_exam
0040,0145,no_exam,no_exam,no_exam,no_exam,no_exam,no_exam,no_exam,no_exam,no_exam,no_exam,no_exam,no_exam,no_exam
0009,0052,0102,0179,no_exam,no_exam,no_exam,no_exam,no_exam,no_exam,no_exam,no_exam,no_exam,no_exam,no_exam
0033,0069,0083,0105,0114,0122,0134,0156,no_exam,no_exam,no_exam,no_exam,no_exam,no_exam,no_exam
0012,0016,0018,0032,0122,0126,0134,0161,no_exam,no_exam,no_exam,no_exam,no_exam,no_exam,no_exam
0037,0103,0106,0118,0123,0148,0158,0171,no_exam,no_exam,no_exam,no_exam,no_exam,no_exam,no_exam
0040,0096,0116,no_exam,no_exam,no_exam,no_exam,no_exam,no_exam,no_exam,no_exam,no_exam,no_exam,no_exam,no_exam
0004,0008,0014,0017,0035,0139,no_exam,no_exam,no_exam,no_exam,no_exam,no_exam,no_exam,no_exam,no_exam
0088,0101,0102,0145,0151,no_exam,no_exam,no_exam,no_exam,no_exam,no_exam,no_exam,no_exam,no_exam,no_exam
0037,0119,0141,0148,0171,0172,0177,no_exam,no_exam,no_exam,no_exam,no_exam,no_exam,no_exam,no_exam
0034,0064,0084,0095,0114,0122,0136,0155,no_exam,no_exam,no_exam,no_exam,no_exam,no_exam,no_exam
0009,0040,0045,0066,0074,0119,0142,no_exam,no_exam,no_exam,no_exam,no_exam,no_exam,no_exam,no_exam
0009,0019,0043,0061,0074,0119,0165,no_exam,no_exam,no_exam,no_exam,no_exam,no_exam,no_exam,no_exam
0005,0011,0037,0085,0101,0103,0163,no_exam,no_exam,no_exam,no_exam,no_exam,no_exam,no_exam,no_exam
0037,0043,0099,0101,0102,0123,0150,0158,no_exam,no_exam,no_exam,no_exam,no_exam,no_exam,no_exam
0040,0075,0101,0102,0124,no_exam,no_exam,no_exam,no_exam,no_exam,no_exam,no_exam,no_exam,no_exam,no_exam
0013,0022,0034,0050,0083,0114,0134,0156,no_exam,no_exam,no_exam,no_exam,no_exam,no_exam,no_exam
0003,0020,0040,0075,0090,0116,no_exam,no_exam,no_exam,no_exam,no_exam,no_exam,no_exam,no_exam,no_exam
0003,0018,no_exam,no_exam,no_exam,no_exam,no_exam,no_exam,no_exam,no_exam,no_exam,no_exam,no_exam,no_exam,no_exam
0037,0043,0077,0092,0114,0119,0177,no_exam,no_exam,no_exam,no_exam,no_exam,no_exam,no_exam,no_exam
0033,0062,0082,0086,0115,0136,0144,0175,no_exam,no_exam,no_exam,no_exam,no_exam,no_exam,no_exam
0037,0053,0085,0119,0140,0147,0178,no_exam,no_exam,no_exam,no_exam,no_exam,no_exam,no_exam,no_exam
0018,0034,0104,0115,0135,0156,0169,0170,no_exam,no_exam,no_exam,no_exam,no_exam,no_exam,no_exam
0065,0098,0150,no_exam,no_exam,no_exam,no_exam,no_exam,no_exam,no_exam,no_exam,no_exam,no_exam,no_exam,no_exam
0033,0051,0069,0115,0129,0155,0161,0176,no_exam,no_exam,no_exam,no_exam,no_exam,no_exam,no_exam
0013,0035,0112,0117,0156,0178,no_exam,no_exam,no_exam,no_exam,no_exam,no_exam,no_exam,no_exam,no_exam
0011,0033,0057,0113,0134,0144,no_exam,no_exam,no_exam,no_exam,no_exam,no_exam,no_exam,no_exam,no_exam
0037,0043,0075,0076,0086,0114,0119,0139,no_exam,no_exam,no_exam,no_exam,no_exam,no_exam,no_exam
0010,0014,0043,0061,0067,0171,no_exam,no_exam,no_exam,no_exam,no_exam,no_exam,no_exam,no_exam,no_exam
0020,0042,0066,0075,0102,0124,0164,no_exam,no_exam,no_exam,no_exam,no_exam,no_exam,no_exam,no_exam
0037,0043,0077,0088,0101,0102,0123,no_exam,no_exam,no_exam,no_exam,no_exam,no_exam,no_exam,no_exam
0027,0040,0099,0100,0151,0157,no_exam,no_exam,no_exam,no_exam,no_exam,no_exam,no_exam,no_exam,no_exam
0010,0040,0090,0101,0102,0148,no_exam,no_exam,no_exam,no_exam,no_exam,no_exam,no_exam,no_exam,no_exam
0040,0054,0100,0102,no_exam,no_exam,no_exam,no_exam,no_exam,no_exam,no_exam,no_exam,no_exam,no_exam,no_exam
0040,0085,0090,0103,0118,0123,0151,no_exam,no_exam,no_exam,no_exam,no_exam,no_exam,no_exam,no_exam
0045,0068,0073,0101,0102,0151,no_exam,no_exam,no_exam,no_exam,no_exam,no_exam,no_exam,no_exam,no_exam
0010,0042,0066,0068,0103,0118,no_exam,no_exam,no_exam,no_exam,no_exam,no_exam,no_exam,no_exam,no_exam
0013,0040,0077,0086,0114,0119,0141,0147,no_exam,no_exam,no_exam,no_exam,no_exam,no_exam,no_exam
0002,0033,0064,0084,0104,0115,0135,0156,no_exam,no_exam,no_exam,no_exam,no_exam,no_exam,no_exam
0024,0033,0039,0050,0056,0134,0144,no_exam,no_exam,no_exam,no_exam,no_exam,no_exam,no_exam,no_exam
0004,0010,0040,0068,0075,no_exam,no_exam,no_exam,no_exam,no_exam,no_exam,no_exam,no_exam,no_exam,no_exam
0157,no_exam,no_exam,no_exam,no_exam,no_exam,no_exam,no_exam,no_exam,no_exam,no_exam,no_exam,no_exam,no_exam,no_exam
0004,0010,0019,0040,0045,0164,no_exam,no_exam,no_exam,no_exam,no_exam,no_exam,no_exam,no_exam,no_exam
0003,0005,0020,0037,0086,0103,0118,0148,no_exam,no_exam,no_exam,no_exam,no_exam,no_exam,no_exam
0001,0027,0039,0082,0086,0118,0144,0148,no_exam,no_exam,no_exam,no_exam,no_exam,no_exam,no_exam
0009,0047,0100,no_exam,no_exam,no_exam,no_exam,no_exam,no_exam,no_exam,no_exam,no_exam,no_exam,no_exam,no_exam
0003,0010,0075,0102,0179,0181,no_exam,no_exam,no_exam,no_exam,no_exam,no_exam,no_exam,no_exam,no_exam
0014,0037,0043,0055,0086,0119,0163,no_exam,no_exam,no_exam,no_exam,no_exam,no_exam,no_exam,no_exam
0018,0034,0062,0083,0114,0137,0144,0168,no_exam,no_exam,no_exam,no_exam,no_exam,no_exam,no_exam
0004,0040,0100,0145,0151,0158,no_exam,no_exam,no_exam,no_exam,no_exam,no_exam,no_exam,no_exam,no_exam
0007,0013,0035,0117,0144,0147,no_exam,no_exam,no_exam,no_exam,no_exam,no_exam,no_exam,no_exam,no_exam
0040,0045,0075,0102,0145,0180,no_exam,no_exam,no_exam,no_exam,no_exam,no_exam,no_exam,no_exam,no_exam
0040,0048,0065,0145,0165,0179,0181,no_exam,no_exam,no_exam,no_exam,no_exam,no_exam,no_exam,no_exam
0004,0010,0040,0048,0068,0073,no_exam,no_exam,no_exam,no_exam,no_exam,no_exam,no_exam,no_exam,no_exam
0040,0077,0103,0106,0118,0141,0148,0177,no_exam,no_exam,no_exam,no_exam,no_exam,no_exam,no_exam
0014,0040,0044,0045,0074,0118,0149,0163,no_exam,no_exam,no_exam,no_exam,no_exam,no_exam,no_exam
0033,0069,0084,0114,0134,0144,0156,0161,no_exam,no_exam,no_exam,no_exam,no_exam,no_exam,no_exam
0003,0039,0089,0103,0118,0127,0158,no_exam,no_exam,no_exam,no_exam,no_exam,no_exam,no_exam,no_exam
0043,0100,0124,0151,0157,0165,no_exam,no_exam,no_exam,no_exam,no_exam,no_exam,no_exam,no_exam,no_exam
0013,0039,0067,0118,0141,0143,0149,0171,no_exam,no_exam,no_exam,no_exam,no_exam,no_exam,no_exam
0066,0067,0147,0171,no_exam,no_exam,no_exam,no_exam,no_exam,no_exam,no_exam,no_exam,no_exam,no_exam,no_exam
0034,0054,0069,0084,0114,0134,0144,0161,no_exam,no_exam,no_exam,no_exam,no_exam,no_exam,no_exam
0003,0040,0101,0102,0146,0150,0158,no_exam,no_exam,no_exam,no_exam,no_exam,no_exam,no_exam,no_exam
0089,0099,0100,0151,0157,no_exam,no_exam,no_exam,no_exam,no_exam,no_exam,no_exam,no_exam,no_exam,no_exam
0040,0045,0075,0101,0102,no_exam,no_exam,no_exam,no_exam,no_exam,no_exam,no_exam,no_exam,no_exam,no_exam
0002,0012,0018,0034,0114,0135,0169,0170,no_exam,no_exam,no_exam,no_exam,no_exam,no_exam,no_exam
0043,0087,0101,0102,0143,0151,no_exam,no_exam,no_exam,no_exam,no_exam,no_exam,no_exam,no_exam,no_exam
0010,0040,0099,0100,0157,0179,0181,no_exam,no_exam,no_exam,no_exam,no_exam,no_exam,no_exam,no_exam
0011,0032,0054,0113,0120,0135,0141,0155,no_exam,no_exam,no_exam,no_exam,no_exam,no_exam,no_exam
0098,0100,0179,no_exam,no_exam,no_exam,no_exam,no_exam,no_exam,no_exam,no_exam,no_exam,no_exam,no_exam,no_exam
0040,0090,0101,0145,0150,0180,no_exam,no_exam,no_exam,no_exam,no_exam,no_exam,no_exam,no_exam,no_exam
0010,0043,0101,0102,0124,0150,no_exam,no_exam,no_exam,no_exam,no_exam,no_exam,no_exam,no_exam,no_exam
0033,0083,0114,0119,0125,0137,0143,0156,no_exam,no_exam,no_exam,no_exam,no_exam,no_exam,no_exam
0009,0037,0086,0118,0151,0158,no_exam,no_exam,no_exam,no_exam,no_exam,no_exam,no_exam,no_exam,no_exam
0034,0064,0083,0114,0137,0149,0155,0168,no_exam,no_exam,no_exam,no_exam,no_exam,no_exam,no_exam
0037,0086,0106,0114,0143,0149,0155,0162,no_exam,no_exam,no_exam,no_exam,no_exam,no_exam,no_exam
0027,0033,0050,0082,0095,0134,0162,no_exam,no_exam,no_exam,no_exam,no_exam,no_exam,no_exam,no_exam
0040,0047,0075,0089,0090,0146,no_exam,no_exam,no_exam,no_exam,no_exam,no_exam,no_exam,no_exam,no_exam
0031,0072,0083,0109,0125,0153,0173,0176,no_exam,no_exam,no_exam,no_exam,no_exam,no_exam,no_exam
0011,0033,0095,0104,0114,0137,0156,0170,no_exam,no_exam,no_exam,no_exam,no_exam,no_exam,no_exam
0075,0102,0142,0145,0151,0165,no_exam,no_exam,no_exam,no_exam,no_exam,no_exam,no_exam,no_exam,no_exam
0033,0062,0082,0115,0122,0137,0156,0162,no_exam,no_exam,no_exam,no_exam,no_exam,no_exam,no_exam
0118,0142,0145,no_exam,no_exam,no_exam,no_exam,no_exam,no_exam,no_exam,no_exam,no_exam,no_exam,no_exam,no_exam
0008,0013,0016,0018,0039,0063,0076,0178,no_exam,no_exam,no_exam,no_exam,no_exam,no_exam,no_exam
0037,0101,0102,0104,0106,0148,0151,no_exam,no_exam,no_exam,no_exam,no_exam,no_exam,no_exam,no_exam
0014,0037,0103,0118,0139,0148,0171,0172,no_exam,no_exam,no_exam,no_exam,no_exam,no_exam,no_exam
0043,0088,0142,0146,0181,no_exam,no_exam,no_exam,no_exam,no_exam,no_exam,no_exam,no_exam,no_exam,no_exam
0034,0064,0083,0114,0122,0137,0144,0155,no_exam,no_exam,no_exam,no_exam,no_exam,no_exam,no_exam
0042,0068,0100,0145,no_exam,no_exam,no_exam,no_exam,no_exam,no_exam,no_exam,no_exam,no_exam,no_exam,no_exam
0013,0022,0033,0069,0113,0134,0144,no_exam,no_exam,no_exam,no_exam,no_exam,no_exam,no_exam,no_exam
0038,0043,0098,0100,0146,0151,0157,no_exam,no_exam,no_exam,no_exam,no_exam,no_exam,no_exam,no_exam
0037,0043,0086,0103,0118,0128,0148,0177,no_exam,no_exam,no_exam,no_exam,no_exam,no_exam,no_exam
0007,0037,0043,0086,0118,0123,0140,0148,no_exam,no_exam,no_exam,no_exam,no_exam,no_exam,no_exam
0037,0043,0078,0106,0119,0139,0149,0163,no_exam,no_exam,no_exam,no_exam,no_exam,no_exam,no_exam
0027,0038,0063,0116,0139,0178,no_exam,no_exam,no_exam,no_exam,no_exam,no_exam,no_exam,no_exam,no_exam
0011,0022,0034,0083,0114,0134,0144,0156,no_exam,no_exam,no_exam,no_exam,no_exam,no_exam,no_exam
0034,0064,0084,0105,0114,0137,0155,0168,no_exam,no_exam,no_exam,no_exam,no_exam,no_exam,no_exam
0040,0045,0089,0090,0097,0102,0103,no_exam,no_exam,no_exam,no_exam,no_exam,no_exam,no_exam,no_exam
0002,0033,0063,0083,0095,0114,0134,0143,no_exam,no_exam,no_exam,no_exam,no_exam,no_exam,no_exam
0011,0016,0022,0034,0062,0137,0144,0168,no_exam,no_exam,no_exam,no_exam,no_exam,no_exam,no_exam
0012,0018,0032,0107,0113,0135,0170,0175,no_exam,no_exam,no_exam,no_exam,no_exam,no_exam,no_exam
0013,0040,0054,0075,0076,0103,0141,0178,no_exam,no_exam,no_exam,no_exam,no_exam,no_exam,no_exam
0053,0069,0142,0148,no_exam,no_exam,no_exam,no_exam,no_exam,no_exam,no_exam,no_exam,no_exam,no_exam,no_exam
0041,0052,0124,no_exam,no_exam,no_exam,no_exam,no_exam,no_exam,no_exam,no_exam,no_exam,no_exam,no_exam,no_exam
0037,0054,0075,0119,0148,0163,no_exam,no_exam,no_exam,no_exam,no_exam,no_exam,no_exam,no_exam,no_exam
0010,0044,0053,0074,0088,0102,no_exam,no_exam,no_exam,no_exam,no_exam,no_exam,no_exam,no_exam,no_exam
0040,0099,0100,0146,0151,0157,no_exam,no_exam,no_exam,no_exam,no_exam,no_exam,no_exam,no_exam,no_exam
0040,0045,0068,0075,0103,0142,no_exam,no_exam,no_exam,no_exam,no_exam,no_exam,no_exam,no_exam,no_exam
0037,0101,0102,0106,0140,0146,0148,no_exam,no_exam,no_exam,no_exam,no_exam,no_exam,no_exam,no_exam
0033,0056,0109,0115,0129,0143,0156,0175,no_exam,no_exam,no_exam,no_exam,no_exam,no_exam,no_exam
0005,0033,0039,0112,0117,0135,0144,0175,no_exam,no_exam,no_exam,no_exam,no_exam,no_exam,no_exam
0048,0061,0075,0101,0102,0164,0180,no_exam,no_exam,no_exam,no_exam,no_exam,no_exam,no_exam,no_exam
0037,0043,0085,0103,0118,0149,no_exam,no_exam,no_exam,no_exam,no_exam,no_exam,no_exam,no_exam,no_exam
0033,0062,0083,0105,0114,0137,0156,0175,no_exam,no_exam,no_exam,no_exam,no_exam,no_exam,no_exam
0040,0088,0102,no_exam,no_exam,no_exam,no_exam,no_exam,no_exam,no_exam,no_exam,no_exam,no_exam,no_exam,no_exam
0005,0010,0038,0067,0103,0118,0177,no_exam,no_exam,no_exam,no_exam,no_exam,no_exam,no_exam,no_exam
0008,0038,0043,0048,0053,0076,0139,no_exam,no_exam,no_exam,no_exam,no_exam,no_exam,no_exam,no_exam
0012,0033,0078,0083,0122,0137,0156,no_exam,no_exam,no_exam,no_exam,no_exam,no_exam,no_exam,no_exam
0013,0033,0084,0095,0114,0119,0135,0156,no_exam,no_exam,no_exam,no_exam,no_exam,no_exam,no_exam
0014,0021,0043,0085,0096,0103,0118,no_exam,no_exam,no_exam,no_exam,no_exam,no_exam,no_exam,no_exam
0100,0102,0145,no_exam,no_exam,no_exam,no_exam,no_exam,no_exam,no_exam,no_exam,no_exam,no_exam,no_exam,no_exam
0040,0045,0074,0114,0119,0141,0147,no_exam,no_exam,no_exam,no_exam,no_exam,no_exam,no_exam,no_exam
0040,0048,0052,0146,no_exam,no_exam,no_exam,no_exam,no_exam,no_exam,no_exam,no_exam,no_exam,no_exam,no_exam
0037,0043,0085,0103,0118,0138,0165,no_exam,no_exam,no_exam,no_exam,no_exam,no_exam,no_exam,no_exam
0088,0099,0100,0146,0150,0158,no_exam,no_exam,no_exam,no_exam,no_exam,no_exam,no_exam,no_exam,no_exam
0019,0037,0043,0085,0090,0117,0138,no_exam,no_exam,no_exam,no_exam,no_exam,no_exam,no_exam,no_exam
0037,0043,0085,0103,0118,0141,0148,no_exam,no_exam,no_exam,no_exam,no_exam,no_exam,no_exam,no_exam
0037,0043,0051,0057,0169,0176,no_exam,no_exam,no_exam,no_exam,no_exam,no_exam,no_exam,no_exam,no_exam
0003,0074,0100,no_exam,no_exam,no_exam,no_exam,no_exam,no_exam,no_exam,no_exam,no_exam,no_exam,no_exam,no_exam
0039,0075,0087,0096,0103,0118,0148,no_exam,no_exam,no_exam,no_exam,no_exam,no_exam,no_exam,no_exam
0004,0043,0045,0090,0093,0097,0102,no_exam,no_exam,no_exam,no_exam,no_exam,no_exam,no_exam,no_exam
0039,0085,0090,0093,0101,0102,0139,0149,no_exam,no_exam,no_exam,no_exam,no_exam,no_exam,no_exam
0012,0034,0063,0082,0092,0114,0155,0170,no_exam,no_exam,no_exam,no_exam,no_exam,no_exam,no_exam
0001,0033,0069,0084,0104,0115,0135,0156,no_exam,no_exam,no_exam,no_exam,no_exam,no_exam,no_exam
0033,0069,0082,0094,0109,0115,0144,0163,no_exam,no_exam,no_exam,no_exam,no_exam,no_exam,no_exam
0040,0102,0145,no_exam,no_exam,no_exam,no_exam,no_exam,no_exam,no_exam,no_exam,no_exam,no_exam,no_exam,no_exam
0037,0043,0076,0086,0093,0118,0149,0178,no_exam,no_exam,no_exam,no_exam,no_exam,no_exam,no_exam
0040,0085,0090,0118,0123,0140,0149,no_exam,no_exam,no_exam,no_exam,no_exam,no_exam,no_exam,no_exam
0037,0043,0087,0090,0102,0149,0177,0180,no_exam,no_exam,no_exam,no_exam,no_exam,no_exam,no_exam
0009,0042,0101,0102,0145,0158,no_exam,no_exam,no_exam,no_exam,no_exam,no_exam,no_exam,no_exam,no_exam
0011,0036,0067,0114,0119,0125,0141,0156,no_exam,no_exam,no_exam,no_exam,no_exam,no_exam,no_exam
0004,0045,0053,0073,0074,0102,no_exam,no_exam,no_exam,no_exam,no_exam,no_exam,no_exam,no_exam,no_exam
0010,0075,0101,0145,0150,no_exam,no_exam,no_exam,no_exam,no_exam,no_exam,no_exam,no_exam,no_exam,no_exam
0010,0037,0043,0067,0075,0118,0139,no_exam,no_exam,no_exam,no_exam,no_exam,no_exam,no_exam,no_exam
0039,0087,0103,0118,0129,0148,0151,0177,no_exam,no_exam,no_exam,no_exam,no_exam,no_exam,no_exam
0034,0064,0092,0114,0135,0156,0170,0176,no_exam,no_exam,no_exam,no_exam,no_exam,no_exam,no_exam
0042,0098,0145,no_exam,no_exam,no_exam,no_exam,no_exam,no_exam,no_exam,no_exam,no_exam,no_exam,no_exam,no_exam
0033,0084,0103,0118,0135,0149,0155,0176,no_exam,no_exam,no_exam,no_exam,no_exam,no_exam,no_exam
0007,0014,0107,0113,0144,0147,0155,no_exam,no_exam,no_exam,no_exam,no_exam,no_exam,no_exam,no_exam
0033,0062,0107,0113,0144,0155,0170,no_exam,no_exam,no_exam,no_exam,no_exam,no_exam,no_exam,no_exam
0037,0043,0103,0118,0139,0148,0151,no_exam,no_exam,no_exam,no_exam,no_exam,no_exam,no_exam,no_exam
0034,0067,0077,0115,0122,0139,0155,0162,no_exam,no_exam,no_exam,no_exam,no_exam,no_exam,no_exam
0040,0052,0075,0177,0180,no_exam,no_exam,no_exam,no_exam,no_exam,no_exam,no_exam,no_exam,no_exam,no_exam
0013,0053,0055,0129,no_exam,no_exam,no_exam,no_exam,no_exam,no_exam,no_exam,no_exam,no_exam,no_exam,no_exam
0037,0043,0075,0103,0118,0163,0177,no_exam,no_exam,no_exam,no_exam,no_exam,no_exam,no_exam,no_exam
0040,0073,0102,no_exam,no_exam,no_exam,no_exam,no_exam,no_exam,no_exam,no_exam,no_exam,no_exam,no_exam,no_exam
0004,0008,0014,0018,no_exam,no_exam,no_exam,no_exam,no_exam,no_exam,no_exam,no_exam,no_exam,no_exam,no_exam
0001,0012,0018,0027,0034,0115,0122,0155,no_exam,no_exam,no_exam,no_exam,no_exam,no_exam,no_exam
0005,0037,0043,0054,0086,0101,0102,0148,no_exam,no_exam,no_exam,no_exam,no_exam,no_exam,no_exam
0040,0075,0101,0102,0157,no_exam,no_exam,no_exam,no_exam,no_exam,no_exam,no_exam,no_exam,no_exam,no_exam
0004,0010,0040,0088,0100,0165,no_exam,no_exam,no_exam,no_exam,no_exam,no_exam,no_exam,no_exam,no_exam
0002,0012,0033,0039,0087,0105,0114,0134,no_exam,no_exam,no_exam,no_exam,no_exam,no_exam,no_exam
0037,0103,0118,0148,0151,0171,0177,0180,no_exam,no_exam,no_exam,no_exam,no_exam,no_exam,no_exam
0012,0015,0016,0022,0034,0092,0136,no_exam,no_exam,no_exam,no_exam,no_exam,no_exam,no_exam,no_exam
0054,0074,0092,0102,no_exam,no_exam,no_exam,no_exam,no_exam,no_exam,no_exam,no_exam,no_exam,no_exam,no_exam
0042,0145,no_exam,no_exam,no_exam,no_exam,no_exam,no_exam,no_exam,no_exam,no_exam,no_exam,no_exam,no_exam,no_exam
0003,0043,0052,0100,0181,no_exam,no_exam,no_exam,no_exam,no_exam,no_exam,no_exam,no_exam,no_exam,no_exam
0012,0013,0018,0032,0107,0113,0135,no_exam,no_exam,no_exam,no_exam,no_exam,no_exam,no_exam,no_exam
0037,0043,0066,0103,0118,0139,0148,0172,no_exam,no_exam,no_exam,no_exam,no_exam,no_exam,no_exam
0043,0054,0076,0086,0118,0140,0149,0163,no_exam,no_exam,no_exam,no_exam,no_exam,no_exam,no_exam
0033,0039,0067,0069,0078,0105,0144,no_exam,no_exam,no_exam,no_exam,no_exam,no_exam,no_exam,no_exam
0037,0043,0068,0114,0119,0142,0149,no_exam,no_exam,no_exam,no_exam,no_exam,no_exam,no_exam,no_exam
0003,0042,0074,no_exam,no_exam,no_exam,no_exam,no_exam,no_exam,no_exam,no_exam,no_exam,no_exam,no_exam,no_exam
0014,0037,0043,0066,0076,0118,0148,0171,no_exam,no_exam,no_exam,no_exam,no_exam,no_exam,no_exam
0033,0064,0115,0122,0125,0137,0156,0176,no_exam,no_exam,no_exam,no_exam,no_exam,no_exam,no_exam
0009,0040,0100,no_exam,no_exam,no_exam,no_exam,no_exam,no_exam,no_exam,no_exam,no_exam,no_exam,no_exam,no_exam
0040,0048,0061,0075,0145,0180,no_exam,no_exam,no_exam,no_exam,no_exam,no_exam,no_exam,no_exam,no_exam
0019,0042,0044,0074,0165,0181,no_exam,no_exam,no_exam,no_exam,no_exam,no_exam,no_exam,no_exam,no_exam
0033,0050,0069,0082,0095,0115,0134,no_exam,no_exam,no_exam,no_exam,no_exam,no_exam,no_exam,no_exam
0003,0019,0040,0103,0118,0158,no_exam,no_exam,no_exam,no_exam,no_exam,no_exam,no_exam,no_exam,no_exam
0013,0017,0035,0139,0156,0178,no_exam,no_exam,no_exam,no_exam,no_exam,no_exam,no_exam,no_exam,no_exam
0033,0062,0082,0115,0137,0155,0170,0176,no_exam,no_exam,no_exam,no_exam,no_exam,no_exam,no_exam
0040,0090,0100,0146,0150,0158,no_exam,no_exam,no_exam,no_exam,no_exam,no_exam,no_exam,no_exam,no_exam
0012,0016,0033,0082,0122,0126,0136,no_exam,no_exam,no_exam,no_exam,no_exam,no_exam,no_exam,no_exam
0099,0100,0150,0155,0158,no_exam,no_exam,no_exam,no_exam,no_exam,no_exam,no_exam,no_exam,no_exam,no_exam
0001,0004,0008,0010,0018,0114,0117,no_exam,no_exam,no_exam,no_exam,no_exam,no_exam,no_exam,no_exam
0037,0075,0076,0118,0141,0177,0180,0181,no_exam,no_exam,no_exam,no_exam,no_exam,no_exam,no_exam
0043,0157,no_exam,no_exam,no_exam,no_exam,no_exam,no_exam,no_exam,no_exam,no_exam,no_exam,no_exam,no_exam,no_exam
0040,0075,0099,0101,0102,0157,no_exam,no_exam,no_exam,no_exam,no_exam,no_exam,no_exam,no_exam,no_exam
0003,0004,0043,0098,0150,0151,0157,0158,no_exam,no_exam,no_exam,no_exam,no_exam,no_exam,no_exam
0040,0088,0098,0157,no_exam,no_exam,no_exam,no_exam,no_exam,no_exam,no_exam,no_exam,no_exam,no_exam,no_exam
0019,0040,0068,0142,no_exam,no_exam,no_exam,no_exam,no_exam,no_exam,no_exam,no_exam,no_exam,no_exam,no_exam
0033,0051,0082,0095,0115,0126,0136,0175,no_exam,no_exam,no_exam,no_exam,no_exam,no_exam,no_exam
0020,0043,0074,0088,0099,0100,no_exam,no_exam,no_exam,no_exam,no_exam,no_exam,no_exam,no_exam,no_exam
0002,0021,0022,0034,0050,0114,0134,0162,no_exam,no_exam,no_exam,no_exam,no_exam,no_exam,no_exam
0004,0040,0088,0142,0165,no_exam,no_exam,no_exam,no_exam,no_exam,no_exam,no_exam,no_exam,no_exam,no_exam
0014,0037,0043,0067,0116,0147,0171,no_exam,no_exam,no_exam,no_exam,no_exam,no_exam,no_exam,no_exam
0034,0064,0084,0114,0122,0136,0144,0155,no_exam,no_exam,no_exam,no_exam,no_exam,no_exam,no_exam
0004,0043,0066,0102,0124,0142,no_exam,no_exam,no_exam,no_exam,no_exam,no_exam,no_exam,no_exam,no_exam
0040,0045,0075,0085,0090,0097,0181,no_exam,no_exam,no_exam,no_exam,no_exam,no_exam,no_exam,no_exam
0043,0053,0068,0074,0142,0165,no_exam,no_exam,no_exam,no_exam,no_exam,no_exam,no_exam,no_exam,no_exam
0037,0101,0103,0118,0138,0146,0148,no_exam,no_exam,no_exam,no_exam,no_exam,no_exam,no_exam,no_exam
0048,0099,0100,0146,0157,0164,no_exam,no_exam,no_exam,no_exam,no_exam,no_exam,no_exam,no_exam,no_exam
0005,0011,0038,0103,0118,0125,0141,0156,no_exam,no_exam,no_exam,no_exam,no_exam,no_exam,no_exam
0012,0038,0103,0106,0118,0141,0148,0177,no_exam,no_exam,no_exam,no_exam,no_exam,no_exam,no_exam
0010,0040,0087,0103,0106,0118,0148,no_exam,no_exam,no_exam,no_exam,no_exam,no_exam,no_exam,no_exam
0002,0011,0016,0034,0082,no_exam,no_exam,no_exam,no_exam,no_exam,no_exam,no_exam,no_exam,no_exam,no_exam
0100,0101,0146,0150,0151,0157,0158,no_exam,no_exam,no_exam,no_exam,no_exam,no_exam,no_exam,no_exam
0013,0035,0050,0051,0056,0178,no_exam,no_exam,no_exam,no_exam,no_exam,no_exam,no_exam,no_exam,no_exam
0003,0013,0118,no_exam,no_exam,no_exam,no_exam,no_exam,no_exam,no_exam,no_exam,no_exam,no_exam,no_exam,no_exam
0012,0013,0017,0036,0134,0140,0161,no_exam,no_exam,no_exam,no_exam,no_exam,no_exam,no_exam,no_exam
0040,0045,0086,0118,0148,0178,no_exam,no_exam,no_exam,no_exam,no_exam,no_exam,no_exam,no_exam,no_exam
0089,0101,0102,0146,0148,0151,no_exam,no_exam,no_exam,no_exam,no_exam,no_exam,no_exam,no_exam,no_exam
0011,0034,0069,0082,0115,0122,0134,0144,no_exam,no_exam,no_exam,no_exam,no_exam,no_exam,no_exam
0003,0101,0102,0146,0179,no_exam,no_exam,no_exam,no_exam,no_exam,no_exam,no_exam,no_exam,no_exam,no_exam
0073,0088,0089,0164,no_exam,no_exam,no_exam,no_exam,no_exam,no_exam,no_exam,no_exam,no_exam,no_exam,no_exam
0040,0100,0142,0145,no_exam,no_exam,no_exam,no_exam,no_exam,no_exam,no_exam,no_exam,no_exam,no_exam,no_exam
0011,0037,0043,0069,0076,0113,0159,0178,no_exam,no_exam,no_exam,no_exam,no_exam,no_exam,no_exam
0008,0020,0037,0043,0123,0141,no_exam,no_exam,no_exam,no_exam,no_exam,no_exam,no_exam,no_exam,no_exam
0040,0045,0047,0075,0164,0180,no_exam,no_exam,no_exam,no_exam,no_exam,no_exam,no_exam,no_exam,no_exam
0004,0010,0040,0099,0100,0102,no_exam,no_exam,no_exam,no_exam,no_exam,no_exam,no_exam,no_exam,no_exam
0003,0039,0089,0103,0118,0148,0158,no_exam,no_exam,no_exam,no_exam,no_exam,no_exam,no_exam,no_exam
0102,0157,no_exam,no_exam,no_exam,no_exam,no_exam,no_exam,no_exam,no_exam,no_exam,no_exam,no_exam,no_exam,no_exam
0043,0101,0151,no_exam,no_exam,no_exam,no_exam,no_exam,no_exam,no_exam,no_exam,no_exam,no_exam,no_exam,no_exam
0018,0033,0062,0083,0113,0137,0144,0175,no_exam,no_exam,no_exam,no_exam,no_exam,no_exam,no_exam
0013,0034,0076,0082,0113,0134,0154,0162,no_exam,no_exam,no_exam,no_exam,no_exam,no_exam,no_exam
0003,0005,0037,0085,0103,0118,0140,no_exam,no_exam,no_exam,no_exam,no_exam,no_exam,no_exam,no_exam
0003,0010,0020,0037,0103,0118,0138,no_exam,no_exam,no_exam,no_exam,no_exam,no_exam,no_exam,no_exam
0040,0099,0100,0151,0157,0180,no_exam,no_exam,no_exam,no_exam,no_exam,no_exam,no_exam,no_exam,no_exam
0001,0034,0051,0156,0175,0178,no_exam,no_exam,no_exam,no_exam,no_exam,no_exam,no_exam,no_exam,no_exam
0047,0090,0099,0100,0145,0150,0158,no_exam,no_exam,no_exam,no_exam,no_exam,no_exam,no_exam,no_exam
0002,0033,0062,0084,0095,0114,0122,0156,no_exam,no_exam,no_exam,no_exam,no_exam,no_exam,no_exam
0033,0063,0083,0114,0119,0125,0137,0155,no_exam,no_exam,no_exam,no_exam,no_exam,no_exam,no_exam
0037,0066,0103,0118,0141,0148,0171,0177,no_exam,no_exam,no_exam,no_exam,no_exam,no_exam,no_exam
0035,0050,0051,0057,0129,no_exam,no_exam,no_exam,no_exam,no_exam,no_exam,no_exam,no_exam,no_exam,no_exam
0012,0033,0063,0115,0125,0137,0155,0169,no_exam,no_exam,no_exam,no_exam,no_exam,no_exam,no_exam
0013,0076,no_exam,no_exam,no_exam,no_exam,no_exam,no_exam,no_exam,no_exam,no_exam,no_exam,no_exam,no_exam,no_exam
0032,0112,0117,0161,0168,0172,no_exam,no_exam,no_exam,no_exam,no_exam,no_exam,no_exam,no_exam,no_exam
0043,0088,0099,0100,0150,0158,no_exam,no_exam,no_exam,no_exam,no_exam,no_exam,no_exam,no_exam,no_exam
0011,0033,0050,0069,0082,0115,0122,0156,no_exam,no_exam,no_exam,no_exam,no_exam,no_exam,no_exam
0033,0082,0105,0115,0122,0137,0144,0155,no_exam,no_exam,no_exam,no_exam,no_exam,no_exam,no_exam
0034,0064,0084,0114,0119,0122,0136,0155,no_exam,no_exam,no_exam,no_exam,no_exam,no_exam,no_exam
0014,0033,0082,0086,0114,0129,0144,0155,no_exam,no_exam,no_exam,no_exam,no_exam,no_exam,no_exam
0051,0112,0163,0179,no_exam,no_exam,no_exam,no_exam,no_exam,no_exam,no_exam,no_exam,no_exam,no_exam,no_exam
0019,0040,0102,no_exam,no_exam,no_exam,no_exam,no_exam,no_exam,no_exam,no_exam,no_exam,no_exam,no_exam,no_exam
0040,0074,0100,no_exam,no_exam,no_exam,no_exam,no_exam,no_exam,no_exam,no_exam,no_exam,no_exam,no_exam,no_exam
0100,0102,0150,0157,no_exam,no_exam,no_exam,no_exam,no_exam,no_exam,no_exam,no_exam,no_exam,no_exam,no_exam
0003,0074,0100,no_exam,no_exam,no_exam,no_exam,no_exam,no_exam,no_exam,no_exam,no_exam,no_exam,no_exam,no_exam
0019,0040,0068,no_exam,no_exam,no_exam,no_exam,no_exam,no_exam,no_exam,no_exam,no_exam,no_exam,no_exam,no_exam
0040,0100,0150,no_exam,no_exam,no_exam,no_exam,no_exam,no_exam,no_exam,no_exam,no_exam,no_exam,no_exam,no_exam
0013,0037,0055,no_exam,no_exam,no_exam,no_exam,no_exam,no_exam,no_exam,no_exam,no_exam,no_exam,no_exam,no_exam
0002,0008,0037,0118,0139,0149,no_exam,no_exam,no_exam,no_exam,no_exam,no_exam,no_exam,no_exam,no_exam
0040,0045,0068,0075,0089,0090,no_exam,no_exam,no_exam,no_exam,no_exam,no_exam,no_exam,no_exam,no_exam
0040,0101,0102,0146,0150,0158,no_exam,no_exam,no_exam,no_exam,no_exam,no_exam,no_exam,no_exam,no_exam
0019,0043,0057,0089,0090,0142,no_exam,no_exam,no_exam,no_exam,no_exam,no_exam,no_exam,no_exam,no_exam
0004,0040,0045,0075,0088,0164,no_exam,no_exam,no_exam,no_exam,no_exam,no_exam,no_exam,no_exam,no_exam
0043,0088,0102,0145,0158,0180,no_exam,no_exam,no_exam,no_exam,no_exam,no_exam,no_exam,no_exam,no_exam
0043,0073,0090,0102,0179,0181,no_exam,no_exam,no_exam,no_exam,no_exam,no_exam,no_exam,no_exam,no_exam
0010,0043,0053,0068,0074,0145,no_exam,no_exam,no_exam,no_exam,no_exam,no_exam,no_exam,no_exam,no_exam
0003,0041,0118,no_exam,no_exam,no_exam,no_exam,no_exam,no_exam,no_exam,no_exam,no_exam,no_exam,no_exam,no_exam
0003,0100,0157,no_exam,no_exam,no_exam,no_exam,no_exam,no_exam,no_exam,no_exam,no_exam,no_exam,no_exam,no_exam
0040,0098,0100,0102,no_exam,no_exam,no_exam,no_exam,no_exam,no_exam,no_exam,no_exam,no_exam,no_exam,no_exam
0040,0101,0102,0150,0158,0181,no_exam,no_exam,no_exam,no_exam,no_exam,no_exam,no_exam,no_exam,no_exam
0004,0010,0040,0102,0179,no_exam,no_exam,no_exam,no_exam,no_exam,no_exam,no_exam,no_exam,no_exam,no_exam
0052,0100,0102,no_exam,no_exam,no_exam,no_exam,no_exam,no_exam,no_exam,no_exam,no_exam,no_exam,no_exam,no_exam
0009,0019,0041,0061,no_exam,no_exam,no_exam,no_exam,no_exam,no_exam,no_exam,no_exam,no_exam,no_exam,no_exam
0100,0157,no_exam,no_exam,no_exam,no_exam,no_exam,no_exam,no_exam,no_exam,no_exam,no_exam,no_exam,no_exam,no_exam
0009,0020,0043,0100,0102,no_exam,no_exam,no_exam,no_exam,no_exam,no_exam,no_exam,no_exam,no_exam,no_exam
0100,0102,0148,0151,0158,no_exam,no_exam,no_exam,no_exam,no_exam,no_exam,no_exam,no_exam,no_exam,no_exam
0065,0074,0100,no_exam,no_exam,no_exam,no_exam,no_exam,no_exam,no_exam,no_exam,no_exam,no_exam,no_exam,no_exam
0040,0073,0145,no_exam,no_exam,no_exam,no_exam,no_exam,no_exam,no_exam,no_exam,no_exam,no_exam,no_exam,no_exam
0040,0061,0068,0145,no_exam,no_exam,no_exam,no_exam,no_exam,no_exam,no_exam,no_exam,no_exam,no_exam,no_exam
0033,0069,0082,0114,0128,0134,0144,0162,no_exam,no_exam,no_exam,no_exam,no_exam,no_exam,no_exam
0011,0104,0116,0138,no_exam,no_exam,no_exam,no_exam,no_exam,no_exam,no_exam,no_exam,no_exam,no_exam,no_exam
0003,0038,0043,0053,0075,0118,no_exam,no_exam,no_exam,no_exam,no_exam,no_exam,no_exam,no_exam,no_exam
0040,0066,0101,0102,0146,0150,no_exam,no_exam,no_exam,no_exam,no_exam,no_exam,no_exam,no_exam,no_exam
0055,0091,no_exam,no_exam,no_exam,no_exam,no_exam,no_exam,no_exam,no_exam,no_exam,no_exam,no_exam,no_exam,no_exam
0040,0047,0074,0102,no_exam,no_exam,no_exam,no_exam,no_exam,no_exam,no_exam,no_exam,no_exam,no_exam,no_exam
0040,0044,0053,0102,0146,0150,no_exam,no_exam,no_exam,no_exam,no_exam,no_exam,no_exam,no_exam,no_exam
0040,0100,0102,0124,no_exam,no_exam,no_exam,no_exam,no_exam,no_exam,no_exam,no_exam,no_exam,no_exam,no_exam
0003,0043,0099,0100,0102,0105,0142,no_exam,no_exam,no_exam,no_exam,no_exam,no_exam,no_exam,no_exam
0010,0040,0061,0066,0103,0118,0145,no_exam,no_exam,no_exam,no_exam,no_exam,no_exam,no_exam,no_exam
0033,0078,0082,0094,0114,0136,0144,0174,no_exam,no_exam,no_exam,no_exam,no_exam,no_exam,no_exam
0004,0040,0099,0100,0102,0158,no_exam,no_exam,no_exam,no_exam,no_exam,no_exam,no_exam,no_exam,no_exam
0013,0035,0051,0054,no_exam,no_exam,no_exam,no_exam,no_exam,no_exam,no_exam,no_exam,no_exam,no_exam,no_exam
0003,0040,0045,0075,0097,0165,no_exam,no_exam,no_exam,no_exam,no_exam,no_exam,no_exam,no_exam,no_exam
0040,0044,0053,0068,0129,0142,0165,no_exam,no_exam,no_exam,no_exam,no_exam,no_exam,no_exam,no_exam
0011,0037,0068,0069,0114,0119,0141,0149,no_exam,no_exam,no_exam,no_exam,no_exam,no_exam,no_exam
0040,0048,0073,0103,0146,0150,no_exam,no_exam,no_exam,no_exam,no_exam,no_exam,no_exam,no_exam,no_exam
0037,0102,no_exam,no_exam,no_exam,no_exam,no_exam,no_exam,no_exam,no_exam,no_exam,no_exam,no_exam,no_exam,no_exam
0011,0032,0050,0070,0112,0134,0162,0175,no_exam,no_exam,no_exam,no_exam,no_exam,no_exam,no_exam
0011,0032,0050,0070,0112,0134,0162,0175,no_exam,no_exam,no_exam,no_exam,no_exam,no_exam,no_exam
0040,0068,0102,0179,no_exam,no_exam,no_exam,no_exam,no_exam,no_exam,no_exam,no_exam,no_exam,no_exam,no_exam
0002,0033,0050,0082,0092,0115,0129,0161,no_exam,no_exam,no_exam,no_exam,no_exam,no_exam,no_exam
0033,0069,0082,0122,0125,0156,0176,no_exam,no_exam,no_exam,no_exam,no_exam,no_exam,no_exam,no_exam
0042,0068,0075,0088,0101,0145,0151,no_exam,no_exam,no_exam,no_exam,no_exam,no_exam,no_exam,no_exam
0016,0017,0035,0163,0177,0181,no_exam,no_exam,no_exam,no_exam,no_exam,no_exam,no_exam,no_exam,no_exam
0012,0016,0034,0078,0112,0168,0169,0176,no_exam,no_exam,no_exam,no_exam,no_exam,no_exam,no_exam
0040,0048,0068,0089,0118,0146,0180,no_exam,no_exam,no_exam,no_exam,no_exam,no_exam,no_exam,no_exam
0003,0098,0150,0157,no_exam,no_exam,no_exam,no_exam,no_exam,no_exam,no_exam,no_exam,no_exam,no_exam,no_exam
0037,0063,0109,0115,0144,0153,0177,0180,no_exam,no_exam,no_exam,no_exam,no_exam,no_exam,no_exam
0013,0035,0177,no_exam,no_exam,no_exam,no_exam,no_exam,no_exam,no_exam,no_exam,no_exam,no_exam,no_exam,no_exam
0010,0040,0073,0099,0100,0101,no_exam,no_exam,no_exam,no_exam,no_exam,no_exam,no_exam,no_exam,no_exam
0044,0114,0119,0150,0158,0181,no_exam,no_exam,no_exam,no_exam,no_exam,no_exam,no_exam,no_exam,no_exam
0037,0087,0103,0106,0118,0149,no_exam,no_exam,no_exam,no_exam,no_exam,no_exam,no_exam,no_exam,no_exam
0098,0100,0150,no_exam,no_exam,no_exam,no_exam,no_exam,no_exam,no_exam,no_exam,no_exam,no_exam,no_exam,no_exam
0008,0013,0035,0117,0128,0139,0171,no_exam,no_exam,no_exam,no_exam,no_exam,no_exam,no_exam,no_exam
0003,0075,0101,0102,no_exam,no_exam,no_exam,no_exam,no_exam,no_exam,no_exam,no_exam,no_exam,no_exam,no_exam
0018,0035,0116,0155,no_exam,no_exam,no_exam,no_exam,no_exam,no_exam,no_exam,no_exam,no_exam,no_exam,no_exam
0020,0040,0045,0052,0082,0086,no_exam,no_exam,no_exam,no_exam,no_exam,no_exam,no_exam,no_exam,no_exam
0041,0052,0068,0088,no_exam,no_exam,no_exam,no_exam,no_exam,no_exam,no_exam,no_exam,no_exam,no_exam,no_exam
0037,0043,0086,0103,0118,0148,0172,0177,no_exam,no_exam,no_exam,no_exam,no_exam,no_exam,no_exam
0004,0045,0047,0067,0073,0075,no_exam,no_exam,no_exam,no_exam,no_exam,no_exam,no_exam,no_exam,no_exam
0014,0034,0069,0078,0109,0126,0175,0177,no_exam,no_exam,no_exam,no_exam,no_exam,no_exam,no_exam
0040,0045,0052,0075,0088,0146,no_exam,no_exam,no_exam,no_exam,no_exam,no_exam,no_exam,no_exam,no_exam
0008,0043,0069,0094,0142,0143,0148,no_exam,no_exam,no_exam,no_exam,no_exam,no_exam,no_exam,no_exam
0003,0009,0019,no_exam,no_exam,no_exam,no_exam,no_exam,no_exam,no_exam,no_exam,no_exam,no_exam,no_exam,no_exam
0019,0037,0054,0169,no_exam,no_exam,no_exam,no_exam,no_exam,no_exam,no_exam,no_exam,no_exam,no_exam,no_exam
0003,0037,0043,0087,0090,0118,0129,no_exam,no_exam,no_exam,no_exam,no_exam,no_exam,no_exam,no_exam
0019,0040,0093,0164,no_exam,no_exam,no_exam,no_exam,no_exam,no_exam,no_exam,no_exam,no_exam,no_exam,no_exam
0040,0053,0100,0145,0180,no_exam,no_exam,no_exam,no_exam,no_exam,no_exam,no_exam,no_exam,no_exam,no_exam
0008,0012,0035,0113,0131,0141,0147,no_exam,no_exam,no_exam,no_exam,no_exam,no_exam,no_exam,no_exam
0003,0009,0150,0157,no_exam,no_exam,no_exam,no_exam,no_exam,no_exam,no_exam,no_exam,no_exam,no_exam,no_exam
0003,0040,0098,0157,no_exam,no_exam,no_exam,no_exam,no_exam,no_exam,no_exam,no_exam,no_exam,no_exam,no_exam
0004,0010,0019,0040,0052,0066,no_exam,no_exam,no_exam,no_exam,no_exam,no_exam,no_exam,no_exam,no_exam
0011,0038,0043,0164,0172,0180,0181,no_exam,no_exam,no_exam,no_exam,no_exam,no_exam,no_exam,no_exam
0008,0014,0017,0035,0043,0139,0163,0178,no_exam,no_exam,no_exam,no_exam,no_exam,no_exam,no_exam
0014,0017,0018,0035,0051,0168,0172,0178,no_exam,no_exam,no_exam,no_exam,no_exam,no_exam,no_exam
0009,0040,0061,0179,no_exam,no_exam,no_exam,no_exam,no_exam,no_exam,no_exam,no_exam,no_exam,no_exam,no_exam
0008,0013,0057,0177,0181,no_exam,no_exam,no_exam,no_exam,no_exam,no_exam,no_exam,no_exam,no_exam,no_exam
0005,0014,0017,0035,0054,0163,no_exam,no_exam,no_exam,no_exam,no_exam,no_exam,no_exam,no_exam,no_exam
0039,0077,0087,0096,0103,0118,0148,no_exam,no_exam,no_exam,no_exam,no_exam,no_exam,no_exam,no_exam
0003,0008,0010,0020,0040,0099,0103,0118,no_exam,no_exam,no_exam,no_exam,no_exam,no_exam,no_exam
0042,0048,0145,no_exam,no_exam,no_exam,no_exam,no_exam,no_exam,no_exam,no_exam,no_exam,no_exam,no_exam,no_exam
0001,0014,0037,0119,0128,0139,0148,no_exam,no_exam,no_exam,no_exam,no_exam,no_exam,no_exam,no_exam
0033,0082,0086,0095,0113,0134,0162,no_exam,no_exam,no_exam,no_exam,no_exam,no_exam,no_exam,no_exam
0003,0047,0089,no_exam,no_exam,no_exam,no_exam,no_exam,no_exam,no_exam,no_exam,no_exam,no_exam,no_exam,no_exam
0013,0053,0101,0118,0146,0148,no_exam,no_exam,no_exam,no_exam,no_exam,no_exam,no_exam,no_exam,no_exam
0023,0043,0056,0085,0118,0140,0163,no_exam,no_exam,no_exam,no_exam,no_exam,no_exam,no_exam,no_exam
0040,0045,0048,0068,0074,0101,0102,no_exam,no_exam,no_exam,no_exam,no_exam,no_exam,no_exam,no_exam
0022,0033,0050,0056,0083,0114,0134,0144,no_exam,no_exam,no_exam,no_exam,no_exam,no_exam,no_exam
0011,0035,0051,0126,no_exam,no_exam,no_exam,no_exam,no_exam,no_exam,no_exam,no_exam,no_exam,no_exam,no_exam
0068,0116,0179,no_exam,no_exam,no_exam,no_exam,no_exam,no_exam,no_exam,no_exam,no_exam,no_exam,no_exam,no_exam
0014,0017,0035,0128,0177,no_exam,no_exam,no_exam,no_exam,no_exam,no_exam,no_exam,no_exam,no_exam,no_exam
0040,0065,no_exam,no_exam,no_exam,no_exam,no_exam,no_exam,no_exam,no_exam,no_exam,no_exam,no_exam,no_exam,no_exam
0011,0040,0053,0086,0103,0118,0157,no_exam,no_exam,no_exam,no_exam,no_exam,no_exam,no_exam,no_exam
0043,0075,0086,0138,0163,no_exam,no_exam,no_exam,no_exam,no_exam,no_exam,no_exam,no_exam,no_exam,no_exam
0003,0047,0068,0074,no_exam,no_exam,no_exam,no_exam,no_exam,no_exam,no_exam,no_exam,no_exam,no_exam,no_exam
0013,0053,0118,0146,0147,no_exam,no_exam,no_exam,no_exam,no_exam,no_exam,no_exam,no_exam,no_exam,no_exam
0009,0145,0150,no_exam,no_exam,no_exam,no_exam,no_exam,no_exam,no_exam,no_exam,no_exam,no_exam,no_exam,no_exam
0040,0053,0068,0118,0142,0146,0180,no_exam,no_exam,no_exam,no_exam,no_exam,no_exam,no_exam,no_exam
0033,0062,0082,0115,0122,0137,0156,0176,no_exam,no_exam,no_exam,no_exam,no_exam,no_exam,no_exam
0053,0088,0103,0142,0145,no_exam,no_exam,no_exam,no_exam,no_exam,no_exam,no_exam,no_exam,no_exam,no_exam
0003,0019,0040,0118,no_exam,no_exam,no_exam,no_exam,no_exam,no_exam,no_exam,no_exam,no_exam,no_exam,no_exam
0010,0020,0040,0073,0075,0116,no_exam,no_exam,no_exam,no_exam,no_exam,no_exam,no_exam,no_exam,no_exam
0005,0008,0037,0114,0119,0139,0156,no_exam,no_exam,no_exam,no_exam,no_exam,no_exam,no_exam,no_exam
0051,0143,0155,no_exam,no_exam,no_exam,no_exam,no_exam,no_exam,no_exam,no_exam,no_exam,no_exam,no_exam,no_exam
0037,0043,0053,0086,0118,0147,no_exam,no_exam,no_exam,no_exam,no_exam,no_exam,no_exam,no_exam,no_exam
0040,0074,0164,no_exam,no_exam,no_exam,no_exam,no_exam,no_exam,no_exam,no_exam,no_exam,no_exam,no_exam,no_exam
0006,0025,0031,0071,0091,0110,0133,0153,no_exam,no_exam,no_exam,no_exam,no_exam,no_exam,no_exam
0025,0031,0071,0079,0108,0130,0154,0173,no_exam,no_exam,no_exam,no_exam,no_exam,no_exam,no_exam
0030,0049,0060,0094,0107,0130,0152,no_exam,no_exam,no_exam,no_exam,no_exam,no_exam,no_exam,no_exam
0040,0044,0053,0073,0075,0145,no_exam,no_exam,no_exam,no_exam,no_exam,no_exam,no_exam,no_exam,no_exam
0011,0016,0070,0128,0135,0177,no_exam,no_exam,no_exam,no_exam,no_exam,no_exam,no_exam,no_exam,no_exam
0040,0042,0053,0075,0088,0146,0147,no_exam,no_exam,no_exam,no_exam,no_exam,no_exam,no_exam,no_exam
0003,0019,0098,no_exam,no_exam,no_exam,no_exam,no_exam,no_exam,no_exam,no_exam,no_exam,no_exam,no_exam,no_exam
0014,0033,0082,0113,0122,0136,0144,0161,no_exam,no_exam,no_exam,no_exam,no_exam,no_exam,no_exam
0009,0088,0100,no_exam,no_exam,no_exam,no_exam,no_exam,no_exam,no_exam,no_exam,no_exam,no_exam,no_exam,no_exam
0009,0074,0102,no_exam,no_exam,no_exam,no_exam,no_exam,no_exam,no_exam,no_exam,no_exam,no_exam,no_exam,no_exam
0048,0065,0103,0118,0164,0181,no_exam,no_exam,no_exam,no_exam,no_exam,no_exam,no_exam,no_exam,no_exam
0019,0040,0048,0053,0074,0181,no_exam,no_exam,no_exam,no_exam,no_exam,no_exam,no_exam,no_exam,no_exam
0040,0068,0075,0099,0101,0102,0151,0157,no_exam,no_exam,no_exam,no_exam,no_exam,no_exam,no_exam
0100,0102,0157,no_exam,no_exam,no_exam,no_exam,no_exam,no_exam,no_exam,no_exam,no_exam,no_exam,no_exam,no_exam
0008,0017,0018,0035,0077,0119,0141,no_exam,no_exam,no_exam,no_exam,no_exam,no_exam,no_exam,no_exam
0010,0040,0088,0100,0146,0151,0164,no_exam,no_exam,no_exam,no_exam,no_exam,no_exam,no_exam,no_exam
0003,0100,0145,no_exam,no_exam,no_exam,no_exam,no_exam,no_exam,no_exam,no_exam,no_exam,no_exam,no_exam,no_exam
0003,0009,0020,0040,0065,0103,0158,no_exam,no_exam,no_exam,no_exam,no_exam,no_exam,no_exam,no_exam
0116,0147,no_exam,no_exam,no_exam,no_exam,no_exam,no_exam,no_exam,no_exam,no_exam,no_exam,no_exam,no_exam,no_exam
0040,0145,0150,no_exam,no_exam,no_exam,no_exam,no_exam,no_exam,no_exam,no_exam,no_exam,no_exam,no_exam,no_exam
0027,0034,0064,0084,0104,0114,0144,0155,no_exam,no_exam,no_exam,no_exam,no_exam,no_exam,no_exam
0041,0052,0102,no_exam,no_exam,no_exam,no_exam,no_exam,no_exam,no_exam,no_exam,no_exam,no_exam,no_exam,no_exam
0068,0074,0142,no_exam,no_exam,no_exam,no_exam,no_exam,no_exam,no_exam,no_exam,no_exam,no_exam,no_exam,no_exam
0003,0074,0102,no_exam,no_exam,no_exam,no_exam,no_exam,no_exam,no_exam,no_exam,no_exam,no_exam,no_exam,no_exam
0019,0052,0102,no_exam,no_exam,no_exam,no_exam,no_exam,no_exam,no_exam,no_exam,no_exam,no_exam,no_exam,no_exam
0041,0061,0102,no_exam,no_exam,no_exam,no_exam,no_exam,no_exam,no_exam,no_exam,no_exam,no_exam,no_exam,no_exam
0040,0052,0074,no_exam,no_exam,no_exam,no_exam,no_exam,no_exam,no_exam,no_exam,no_exam,no_exam,no_exam,no_exam
0061,0066,0099,0100,0102,0151,0157,no_exam,no_exam,no_exam,no_exam,no_exam,no_exam,no_exam,no_exam
0003,0019,0100,no_exam,no_exam,no_exam,no_exam,no_exam,no_exam,no_exam,no_exam,no_exam,no_exam,no_exam,no_exam
0003,0040,0052,no_exam,no_exam,no_exam,no_exam,no_exam,no_exam,no_exam,no_exam,no_exam,no_exam,no_exam,no_exam
0047,0052,0102,no_exam,no_exam,no_exam,no_exam,no_exam,no_exam,no_exam,no_exam,no_exam,no_exam,no_exam,no_exam
0040,0052,0145,no_exam,no_exam,no_exam,no_exam,no_exam,no_exam,no_exam,no_exam,no_exam,no_exam,no_exam,no_exam
0037,0119,0125,0129,0140,0148,no_exam,no_exam,no_exam,no_exam,no_exam,no_exam,no_exam,no_exam,no_exam
0008,0011,0014,0018,0126,0175,0178,no_exam,no_exam,no_exam,no_exam,no_exam,no_exam,no_exam,no_exam
0040,0066,0100,0102,0146,0158,no_exam,no_exam,no_exam,no_exam,no_exam,no_exam,no_exam,no_exam,no_exam
0100,0102,0150,no_exam,no_exam,no_exam,no_exam,no_exam,no_exam,no_exam,no_exam,no_exam,no_exam,no_exam,no_exam
0040,0100,0145,no_exam,no_exam,no_exam,no_exam,no_exam,no_exam,no_exam,no_exam,no_exam,no_exam,no_exam,no_exam
0100,0157,no_exam,no_exam,no_exam,no_exam,no_exam,no_exam,no_exam,no_exam,no_exam,no_exam,no_exam,no_exam,no_exam
0003,0019,0138,no_exam,no_exam,no_exam,no_exam,no_exam,no_exam,no_exam,no_exam,no_exam,no_exam,no_exam,no_exam
0040,0098,0100,0148,0151,no_exam,no_exam,no_exam,no_exam,no_exam,no_exam,no_exam,no_exam,no_exam,no_exam
0098,0102,0157,no_exam,no_exam,no_exam,no_exam,no_exam,no_exam,no_exam,no_exam,no_exam,no_exam,no_exam,no_exam
0040,0061,no_exam,no_exam,no_exam,no_exam,no_exam,no_exam,no_exam,no_exam,no_exam,no_exam,no_exam,no_exam,no_exam
0003,0010,0033,0043,0053,0145,no_exam,no_exam,no_exam,no_exam,no_exam,no_exam,no_exam,no_exam,no_exam
0040,0048,0052,0075,0124,0165,no_exam,no_exam,no_exam,no_exam,no_exam,no_exam,no_exam,no_exam,no_exam
0098,0100,0102,no_exam,no_exam,no_exam,no_exam,no_exam,no_exam,no_exam,no_exam,no_exam,no_exam,no_exam,no_exam
0015,0024,0031,0072,0080,0109,0132,0153,no_exam,no_exam,no_exam,no_exam,no_exam,no_exam,no_exam
0024,0028,0070,0080,0091,0108,0131,0153,no_exam,no_exam,no_exam,no_exam,no_exam,no_exam,no_exam
0030,0071,0081,0110,0121,0130,0154,0159,no_exam,no_exam,no_exam,no_exam,no_exam,no_exam,no_exam
0004,0013,0039,0067,0116,0139,0171,no_exam,no_exam,no_exam,no_exam,no_exam,no_exam,no_exam,no_exam
0002,0011,0034,0063,0082,0092,0115,0134,no_exam,no_exam,no_exam,no_exam,no_exam,no_exam,no_exam
0018,0033,0039,0069,0107,0113,0144,no_exam,no_exam,no_exam,no_exam,no_exam,no_exam,no_exam,no_exam
0011,0027,0035,0093,0117,0125,0144,0156,no_exam,no_exam,no_exam,no_exam,no_exam,no_exam,no_exam
0010,0047,0052,0074,0164,0180,no_exam,no_exam,no_exam,no_exam,no_exam,no_exam,no_exam,no_exam,no_exam
0011,0032,0104,0114,0135,0156,0170,0172,no_exam,no_exam,no_exam,no_exam,no_exam,no_exam,no_exam
0005,0008,0018,0043,0075,0076,0163,no_exam,no_exam,no_exam,no_exam,no_exam,no_exam,no_exam,no_exam
0038,0116,no_exam,no_exam,no_exam,no_exam,no_exam,no_exam,no_exam,no_exam,no_exam,no_exam,no_exam,no_exam,no_exam
0040,0044,0053,0066,0116,0147,0169,no_exam,no_exam,no_exam,no_exam,no_exam,no_exam,no_exam,no_exam
0011,0024,0034,0069,0108,0153,no_exam,no_exam,no_exam,no_exam,no_exam,no_exam,no_exam,no_exam,no_exam
0022,0030,0049,0108,0130,0136,0166,0170,no_exam,no_exam,no_exam,no_exam,no_exam,no_exam,no_exam
0004,0040,0048,0068,0075,0097,no_exam,no_exam,no_exam,no_exam,no_exam,no_exam,no_exam,no_exam,no_exam
0040,0100,0102,no_exam,no_exam,no_exam,no_exam,no_exam,no_exam,no_exam,no_exam,no_exam,no_exam,no_exam,no_exam
0003,0019,0041,no_exam,no_exam,no_exam,no_exam,no_exam,no_exam,no_exam,no_exam,no_exam,no_exam,no_exam,no_exam
0033,0062,0082,0113,0122,0136,0144,0162,no_exam,no_exam,no_exam,no_exam,no_exam,no_exam,no_exam
0027,0028,0049,0062,0107,0132,0162,0175,no_exam,no_exam,no_exam,no_exam,no_exam,no_exam,no_exam
0001,0014,0018,0032,0062,0113,0155,0178,no_exam,no_exam,no_exam,no_exam,no_exam,no_exam,no_exam
0042,0088,no_exam,no_exam,no_exam,no_exam,no_exam,no_exam,no_exam,no_exam,no_exam,no_exam,no_exam,no_exam,no_exam
0016,0034,0077,0078,0082,0095,0161,0175,no_exam,no_exam,no_exam,no_exam,no_exam,no_exam,no_exam
0004,0010,0040,0066,0100,0102,0179,no_exam,no_exam,no_exam,no_exam,no_exam,no_exam,no_exam,no_exam
0009,0043,0053,0068,0124,0165,no_exam,no_exam,no_exam,no_exam,no_exam,no_exam,no_exam,no_exam,no_exam
0003,0010,0040,0068,0099,0100,0103,no_exam,no_exam,no_exam,no_exam,no_exam,no_exam,no_exam,no_exam
0003,0040,0100,no_exam,no_exam,no_exam,no_exam,no_exam,no_exam,no_exam,no_exam,no_exam,no_exam,no_exam,no_exam
0010,0040,0102,0146,0150,0151,no_exam,no_exam,no_exam,no_exam,no_exam,no_exam,no_exam,no_exam,no_exam
0043,0099,0100,0102,0145,0146,0150,0151,no_exam,no_exam,no_exam,no_exam,no_exam,no_exam,no_exam
0002,0014,0022,0033,0114,0119,0144,0155,no_exam,no_exam,no_exam,no_exam,no_exam,no_exam,no_exam
0041,0074,0164,no_exam,no_exam,no_exam,no_exam,no_exam,no_exam,no_exam,no_exam,no_exam,no_exam,no_exam,no_exam
0035,0116,0177,no_exam,no_exam,no_exam,no_exam,no_exam,no_exam,no_exam,no_exam,no_exam,no_exam,no_exam,no_exam
0010,0043,0065,0073,0112,0145,0165,no_exam,no_exam,no_exam,no_exam,no_exam,no_exam,no_exam,no_exam
0040,0098,0157,no_exam,no_exam,no_exam,no_exam,no_exam,no_exam,no_exam,no_exam,no_exam,no_exam,no_exam,no_exam
0008,0018,0020,0039,0076,0113,0175,no_exam,no_exam,no_exam,no_exam,no_exam,no_exam,no_exam,no_exam
0013,0019,0040,no_exam,no_exam,no_exam,no_exam,no_exam,no_exam,no_exam,no_exam,no_exam,no_exam,no_exam,no_exam
0037,0043,0054,0067,0077,0103,0118,0178,no_exam,no_exam,no_exam,no_exam,no_exam,no_exam,no_exam
0019,0041,0073,0102,no_exam,no_exam,no_exam,no_exam,no_exam,no_exam,no_exam,no_exam,no_exam,no_exam,no_exam
0040,0100,0102,no_exam,no_exam,no_exam,no_exam,no_exam,no_exam,no_exam,no_exam,no_exam,no_exam,no_exam,no_exam
0039,0046,0049,0056,0114,0132,0143,0175,no_exam,no_exam,no_exam,no_exam,no_exam,no_exam,no_exam
0037,0043,0114,0119,0128,0143,0149,no_exam,no_exam,no_exam,no_exam,no_exam,no_exam,no_exam,no_exam
0100,0145,0157,no_exam,no_exam,no_exam,no_exam,no_exam,no_exam,no_exam,no_exam,no_exam,no_exam,no_exam,no_exam
0040,0100,0102,no_exam,no_exam,no_exam,no_exam,no_exam,no_exam,no_exam,no_exam,no_exam,no_exam,no_exam,no_exam
0099,0101,0102,0150,0157,no_exam,no_exam,no_exam,no_exam,no_exam,no_exam,no_exam,no_exam,no_exam,no_exam
0030,0072,0079,0111,0121,0133,0153,0167,no_exam,no_exam,no_exam,no_exam,no_exam,no_exam,no_exam
0044,0099,0100,0102,0150,0158,no_exam,no_exam,no_exam,no_exam,no_exam,no_exam,no_exam,no_exam,no_exam
0024,0031,0070,0105,0109,0130,0152,0174,no_exam,no_exam,no_exam,no_exam,no_exam,no_exam,no_exam
0003,0005,0011,0025,0035,0106,0116,no_exam,no_exam,no_exam,no_exam,no_exam,no_exam,no_exam,no_exam
0003,0010,0017,0055,0116,0129,no_exam,no_exam,no_exam,no_exam,no_exam,no_exam,no_exam,no_exam,no_exam
0002,0034,0104,0115,0135,0143,0169,0172,no_exam,no_exam,no_exam,no_exam,no_exam,no_exam,no_exam
0004,0040,0048,0074,no_exam,no_exam,no_exam,no_exam,no_exam,no_exam,no_exam,no_exam,no_exam,no_exam,no_exam
0040,0047,0073,0164,no_exam,no_exam,no_exam,no_exam,no_exam,no_exam,no_exam,no_exam,no_exam,no_exam,no_exam
0037,0071,0119,0127,0171,0172,0177,no_exam,no_exam,no_exam,no_exam,no_exam,no_exam,no_exam,no_exam
0041,0074,0164,no_exam,no_exam,no_exam,no_exam,no_exam,no_exam,no_exam,no_exam,no_exam,no_exam,no_exam,no_exam
0099,0101,0102,0157,0179,no_exam,no_exam,no_exam,no_exam,no_exam,no_exam,no_exam,no_exam,no_exam,no_exam
0014,0020,0047,0066,0067,0103,0118,no_exam,no_exam,no_exam,no_exam,no_exam,no_exam,no_exam,no_exam
0019,0052,0068,no_exam,no_exam,no_exam,no_exam,no_exam,no_exam,no_exam,no_exam,no_exam,no_exam,no_exam,no_exam
0003,0100,0102,no_exam,no_exam,no_exam,no_exam,no_exam,no_exam,no_exam,no_exam,no_exam,no_exam,no_exam,no_exam
0019,0052,0074,no_exam,no_exam,no_exam,no_exam,no_exam,no_exam,no_exam,no_exam,no_exam,no_exam,no_exam,no_exam
0003,0043,0099,0100,0151,0157,no_exam,no_exam,no_exam,no_exam,no_exam,no_exam,no_exam,no_exam,no_exam
0010,0043,0048,0061,0068,0074,no_exam,no_exam,no_exam,no_exam,no_exam,no_exam,no_exam,no_exam,no_exam
0040,0074,0088,0179,no_exam,no_exam,no_exam,no_exam,no_exam,no_exam,no_exam,no_exam,no_exam,no_exam,no_exam
0116,0139,0163,no_exam,no_exam,no_exam,no_exam,no_exam,no_exam,no_exam,no_exam,no_exam,no_exam,no_exam,no_exam
0041,0100,0150,0157,no_exam,no_exam,no_exam,no_exam,no_exam,no_exam,no_exam,no_exam,no_exam,no_exam,no_exam
0004,0044,0101,0102,0157,0179,no_exam,no_exam,no_exam,no_exam,no_exam,no_exam,no_exam,no_exam,no_exam
0100,0102,0150,no_exam,no_exam,no_exam,no_exam,no_exam,no_exam,no_exam,no_exam,no_exam,no_exam,no_exam,no_exam
0061,0102,0157,no_exam,no_exam,no_exam,no_exam,no_exam,no_exam,no_exam,no_exam,no_exam,no_exam,no_exam,no_exam
0011,0056,0061,0074,0140,0146,no_exam,no_exam,no_exam,no_exam,no_exam,no_exam,no_exam,no_exam,no_exam
0003,0100,0102,0157,no_exam,no_exam,no_exam,no_exam,no_exam,no_exam,no_exam,no_exam,no_exam,no_exam,no_exam
0037,0043,0065,0067,0103,0118,0165,no_exam,no_exam,no_exam,no_exam,no_exam,no_exam,no_exam,no_exam
0075,0100,0102,0151,0157,no_exam,no_exam,no_exam,no_exam,no_exam,no_exam,no_exam,no_exam,no_exam,no_exam
0001,0039,0063,0078,0112,0136,0144,0155,no_exam,no_exam,no_exam,no_exam,no_exam,no_exam,no_exam
0018,0037,0043,0077,0127,0141,0163,0178,no_exam,no_exam,no_exam,no_exam,no_exam,no_exam,no_exam
0014,0018,0033,0105,0114,0136,0144,0155,no_exam,no_exam,no_exam,no_exam,no_exam,no_exam,no_exam
0040,0044,0053,0068,0074,0146,no_exam,no_exam,no_exam,no_exam,no_exam,no_exam,no_exam,no_exam,no_exam
0040,0048,0061,0074,0146,no_exam,no_exam,no_exam,no_exam,no_exam,no_exam,no_exam,no_exam,no_exam,no_exam
0040,0100,0102,0146,0151,0158,no_exam,no_exam,no_exam,no_exam,no_exam,no_exam,no_exam,no_exam,no_exam
0043,0099,0100,0102,0150,0158,no_exam,no_exam,no_exam,no_exam,no_exam,no_exam,no_exam,no_exam,no_exam
0040,0100,0102,0145,no_exam,no_exam,no_exam,no_exam,no_exam,no_exam,no_exam,no_exam,no_exam,no_exam,no_exam
0040,0074,0145,no_exam,no_exam,no_exam,no_exam,no_exam,no_exam,no_exam,no_exam,no_exam,no_exam,no_exam,no_exam
0040,0048,0053,0164,0179,0181,no_exam,no_exam,no_exam,no_exam,no_exam,no_exam,no_exam,no_exam,no_exam
0098,0100,0150,0157,no_exam,no_exam,no_exam,no_exam,no_exam,no_exam,no_exam,no_exam,no_exam,no_exam,no_exam
0019,0068,no_exam,no_exam,no_exam,no_exam,no_exam,no_exam,no_exam,no_exam,no_exam,no_exam,no_exam,no_exam,no_exam
0047,0053,0103,0146,0150,0179,no_exam,no_exam,no_exam,no_exam,no_exam,no_exam,no_exam,no_exam,no_exam
0041,0099,0100,0103,0146,0150,no_exam,no_exam,no_exam,no_exam,no_exam,no_exam,no_exam,no_exam,no_exam
0033,0069,0083,0105,0114,0134,0144,0155,no_exam,no_exam,no_exam,no_exam,no_exam,no_exam,no_exam
0011,0014,0037,0043,0053,0066,0116,0138,no_exam,no_exam,no_exam,no_exam,no_exam,no_exam,no_exam
0040,0053,0074,0101,0103,0118,0179,no_exam,no_exam,no_exam,no_exam,no_exam,no_exam,no_exam,no_exam
0073,0074,0088,no_exam,no_exam,no_exam,no_exam,no_exam,no_exam,no_exam,no_exam,no_exam,no_exam,no_exam,no_exam
0043,0098,0100,0102,0151,0158,no_exam,no_exam,no_exam,no_exam,no_exam,no_exam,no_exam,no_exam,no_exam
no_exam,no_exam,no_exam,no_exam,no_exam,no_exam,no_exam,no_exam,no_exam,no_exam,no_exam,no_exam,no_exam,no_exam,no_exam
